run_root,run_dir,task,setting,seed,agent_id,update_attempt_count,active_update_count,active_update_rate,initial_prompt_hash,final_active_prompt_hash,unique_active_prompt_count,mean_active_change_ratio,median_active_change_ratio,p90_active_change_ratio,max_active_change_ratio,large_active_update_count,large_active_update_rate,final_direct_distance_from_initial,active_cumulative_path_length,path_to_direct_ratio,unknown_active_step_distance_count,mean_active_vote_delta
runs_vote_v7_strict_pilot_0d6093e,D:\myx\grade_one\experiments\multi_agent_diversity\runs_vote_v7_strict_pilot_0d6093e\disambiguation_qa\shared_vote_error_pareto_tcs_residual_cycle_guard_seed42,disambiguation_qa,shared_vote_error_pareto_tcs_residual_cycle_guard,42,0,3,3,1.0,b5a173b7c570bcba287a93de26d72949b641367cb3a9b478125130551ac3b82a,4c2e972a1975abb04194334abdb63fab0c0afd7c3a9d8f1969bfd038c9bbe5aa,4,0.34734122457125444,0.34734122457125444,0.48662400112192583,0.5214446952595937,1,0.5,0.5303776683087028,,,1,
runs_vote_v7_strict_pilot_0d6093e,D:\myx\grade_one\experiments\multi_agent_diversity\runs_vote_v7_strict_pilot_0d6093e\disambiguation_qa\shared_vote_error_pareto_tcs_residual_cycle_guard_seed42,disambiguation_qa,shared_vote_error_pareto_tcs_residual_cycle_guard,42,1,8,5,0.625,b5a173b7c570bcba287a93de26d72949b641367cb3a9b478125130551ac3b82a,ad1a0d0d282f65ebfe718ed87415c4daccb049464e570f3de244e53f0ae3ed79,6,0.22291761813544744,0.22580645161290325,0.32202553506445447,0.3460803059273423,0,0.0,,,,2,
runs_vote_v7_strict_pilot_0d6093e,D:\myx\grade_one\experiments\multi_agent_diversity\runs_vote_v7_strict_pilot_0d6093e\disambiguation_qa\shared_vote_error_pareto_tcs_residual_cycle_guard_seed42,disambiguation_qa,shared_vote_error_pareto_tcs_residual_cycle_guard,42,2,4,3,0.75,b5a173b7c570bcba287a93de26d72949b641367cb3a9b478125130551ac3b82a,6208caa8ae3ffff44abbadb346176f7e349301a481394e2c569eaf60f00181d5,4,0.25971189274884654,0.20190023752969122,0.34629078333223506,0.38238841978287097,0,0.0,0.4626391096979332,0.7791356782465396,1.684111139577572,0,
runs_vote_v7_strict_pilot_0d6093e,D:\myx\grade_one\experiments\multi_agent_diversity\runs_vote_v7_strict_pilot_0d6093e\disambiguation_qa\shared_vote_error_pareto_tcs_residual_cycle_guard_seed42,disambiguation_qa,shared_vote_error_pareto_tcs_residual_cycle_guard,42,3,3,2,0.6666666666666666,b5a173b7c570bcba287a93de26d72949b641367cb3a9b478125130551ac3b82a,471979f3d4e0b1acfb359bede58c5871c065caf8cd66a3b8c816326c70d38c8c,3,0.2859555886808655,0.2859555886808655,0.3841984170062461,0.4087591240875912,0,0.0,0.6776978417266187,0.571911177361731,0.8439029050242103,0,
runs_vote_v7_strict_pilot_0d6093e,D:\myx\grade_one\experiments\multi_agent_diversity\runs_vote_v7_strict_pilot_0d6093e\disambiguation_qa\shared_vote_error_pareto_tcs_residual_cycle_guard_seed42,disambiguation_qa,shared_vote_error_pareto_tcs_residual_cycle_guard,42,4,6,4,0.6666666666666666,b5a173b7c570bcba287a93de26d72949b641367cb3a9b478125130551ac3b82a,614d57fcbb201f045f43971c26e5939a410d9b6547400a071da5072777934af3,5,0.2837903141086249,0.2837903141086249,0.3795650803655846,0.4035087719298246,0,0.0,0.4855403348554034,,,2,
runs_vote_v7_strict_pilot_0d6093e,D:\myx\grade_one\experiments\multi_agent_diversity\runs_vote_v7_strict_pilot_0d6093e\disambiguation_qa\shared_vote_error_pareto_tcs_residual_cycle_guard_seed43,disambiguation_qa,shared_vote_error_pareto_tcs_residual_cycle_guard,43,0,4,3,0.75,b5a173b7c570bcba287a93de26d72949b641367cb3a9b478125130551ac3b82a,0299b46b73efcd7e5b1072e1ac00c1e5a24b2bbdb094d1bf9a528c7aeea777e9,4,0.21443661971830985,0.21443661971830985,0.22598591549295777,0.22887323943661975,0,0.0,0.432937181663837,,,1,
runs_vote_v7_strict_pilot_0d6093e,D:\myx\grade_one\experiments\multi_agent_diversity\runs_vote_v7_strict_pilot_0d6093e\disambiguation_qa\shared_vote_error_pareto_tcs_residual_cycle_guard_seed43,disambiguation_qa,shared_vote_error_pareto_tcs_residual_cycle_guard,43,1,7,6,0.8571428571428571,b5a173b7c570bcba287a93de26d72949b641367cb3a9b478125130551ac3b82a,b96535640ab7f60e730f475534626e779626d6963bdf8f6a5b5541f78fa03631,7,0.4726260952353345,0.5133979687430297,0.5797607455835304,0.6021699819168174,3,0.75,0.5179340028694405,,,2,
runs_vote_v7_strict_pilot_0d6093e,D:\myx\grade_one\experiments\multi_agent_diversity\runs_vote_v7_strict_pilot_0d6093e\disambiguation_qa\shared_vote_error_pareto_tcs_residual_cycle_guard_seed43,disambiguation_qa,shared_vote_error_pareto_tcs_residual_cycle_guard,43,2,4,2,0.5,b5a173b7c570bcba287a93de26d72949b641367cb3a9b478125130551ac3b82a,1bd7f7651845c3a312e6a218efdba70676921e21a4be6bc33724ddf92eb4a6bb,3,0.19865067466266867,0.19865067466266867,0.26041979010494753,0.27586206896551724,0,0.0,0.38715596330275226,0.39730134932533734,1.0262049070251604,0,
runs_vote_v7_strict_pilot_0d6093e,D:\myx\grade_one\experiments\multi_agent_diversity\runs_vote_v7_strict_pilot_0d6093e\disambiguation_qa\shared_vote_error_pareto_tcs_residual_cycle_guard_seed43,disambiguation_qa,shared_vote_error_pareto_tcs_residual_cycle_guard,43,3,4,2,0.5,b5a173b7c570bcba287a93de26d72949b641367cb3a9b478125130551ac3b82a,ae0cea5c49e46b61c6475adb129d3e25d33db2c90bffbfc1928a5ea0cf23ffb3,3,0.17014228304550888,0.17014228304550888,0.21467361789942438,0.22580645161290325,0,0.0,,0.34028456609101776,,0,
runs_vote_v7_strict_pilot_0d6093e,D:\myx\grade_one\experiments\multi_agent_diversity\runs_vote_v7_strict_pilot_0d6093e\disambiguation_qa\shared_vote_error_pareto_tcs_residual_cycle_guard_seed43,disambiguation_qa,shared_vote_error_pareto_tcs_residual_cycle_guard,43,4,5,2,0.4,b5a173b7c570bcba287a93de26d72949b641367cb3a9b478125130551ac3b82a,fb7041c490529c4364bdc2255b13008bb05ff173dc9f930184cdebe1a3c7c1e5,3,0.16708204230095647,0.16708204230095647,0.18726256230634514,0.1923076923076923,0,0.0,0.323943661971831,0.33416408460191294,1.0315500002928617,0,
runs_vote_v7_strict_pilot_0d6093e,D:\myx\grade_one\experiments\multi_agent_diversity\runs_vote_v7_strict_pilot_0d6093e\disambiguation_qa\shared_vote_error_pareto_tcs_residual_specialization_seed42,disambiguation_qa,shared_vote_error_pareto_tcs_residual_specialization,42,0,6,5,0.8333333333333334,b5a173b7c570bcba287a93de26d72949b641367cb3a9b478125130551ac3b82a,d7c2acfccd38125b741c60279c0ca88cf6c2f38f69dd239b7a3cd0f73ebe07a3,6,0.20556098035956238,0.20427236315086783,0.23763608182557588,0.24597701149425288,0,0.0,0.34791252485089463,,,2,
runs_vote_v7_strict_pilot_0d6093e,D:\myx\grade_one\experiments\multi_agent_diversity\runs_vote_v7_strict_pilot_0d6093e\disambiguation_qa\shared_vote_error_pareto_tcs_residual_specialization_seed42,disambiguation_qa,shared_vote_error_pareto_tcs_residual_specialization,42,1,3,1,0.3333333333333333,b5a173b7c570bcba287a93de26d72949b641367cb3a9b478125130551ac3b82a,7928205a1913e5320a71239f85eccfe3b2d73a785123384eb5a15f8cf5a05217,2,0.23006833712984054,0.23006833712984054,0.23006833712984054,0.23006833712984054,0,0.0,0.23006833712984054,0.23006833712984054,1.0,0,
runs_vote_v7_strict_pilot_0d6093e,D:\myx\grade_one\experiments\multi_agent_diversity\runs_vote_v7_strict_pilot_0d6093e\disambiguation_qa\shared_vote_error_pareto_tcs_residual_specialization_seed42,disambiguation_qa,shared_vote_error_pareto_tcs_residual_specialization,42,2,3,1,0.3333333333333333,b5a173b7c570bcba287a93de26d72949b641367cb3a9b478125130551ac3b82a,27d0a12cd02da2596772b865fabdb2d619e7fcd495fd072cda3403c32016111f,2,0.18248175182481752,0.18248175182481752,0.18248175182481752,0.18248175182481752,0,0.0,0.18248175182481752,0.18248175182481752,1.0,0,
runs_vote_v7_strict_pilot_0d6093e,D:\myx\grade_one\experiments\multi_agent_diversity\runs_vote_v7_strict_pilot_0d6093e\disambiguation_qa\shared_vote_error_pareto_tcs_residual_specialization_seed42,disambiguation_qa,shared_vote_error_pareto_tcs_residual_specialization,42,3,7,7,1.0,b5a173b7c570bcba287a93de26d72949b641367cb3a9b478125130551ac3b82a,2be2d368967d50f6a393063e833450f6650d392874fd6323c896bf2fc6d17f5d,8,0.14237711213517668,0.1428571428571429,0.1785714285714286,0.1875,0,0.0,0.7317436661698957,,,4,
runs_vote_v7_strict_pilot_0d6093e,D:\myx\grade_one\experiments\multi_agent_diversity\runs_vote_v7_strict_pilot_0d6093e\disambiguation_qa\shared_vote_error_pareto_tcs_residual_specialization_seed42,disambiguation_qa,shared_vote_error_pareto_tcs_residual_specialization,42,4,5,4,0.8,b5a173b7c570bcba287a93de26d72949b641367cb3a9b478125130551ac3b82a,6f1d8dc3842c16eef0db8d5e51e85f68da980213003334866cf185961818d796,5,0.19041324289107875,0.22496371552975325,0.2304472885604961,0.2318181818181818,0,0.0,0.3752310536044362,,,1,
runs_vote_v7_strict_pilot_0d6093e,D:\myx\grade_one\experiments\multi_agent_diversity\runs_vote_v7_strict_pilot_0d6093e\disambiguation_qa\shared_vote_error_pareto_tcs_residual_specialization_seed43,disambiguation_qa,shared_vote_error_pareto_tcs_residual_specialization,43,0,5,3,0.6,b5a173b7c570bcba287a93de26d72949b641367cb3a9b478125130551ac3b82a,37035b44da0ccdd28aab02cd57efeb53ecfd6c6e996d5412db09395149781140,4,0.16947480700963188,0.10804597701149421,0.25631993920395174,0.29338842975206614,0,0.0,0.4823889739663093,0.5084244210288956,1.053971895021806,0,
runs_vote_v7_strict_pilot_0d6093e,D:\myx\grade_one\experiments\multi_agent_diversity\runs_vote_v7_strict_pilot_0d6093e\disambiguation_qa\shared_vote_error_pareto_tcs_residual_specialization_seed43,disambiguation_qa,shared_vote_error_pareto_tcs_residual_specialization,43,1,2,2,1.0,b5a173b7c570bcba287a93de26d72949b641367cb3a9b478125130551ac3b82a,4499d1c4679955b2ba4950c16d4803297b30f053d0c8924355311e877304ca12,3,0.20833333333333337,0.20833333333333337,0.20833333333333337,0.20833333333333337,0,0.0,0.30595482546201236,,,1,
runs_vote_v7_strict_pilot_0d6093e,D:\myx\grade_one\experiments\multi_agent_diversity\runs_vote_v7_strict_pilot_0d6093e\disambiguation_qa\shared_vote_error_pareto_tcs_residual_specialization_seed43,disambiguation_qa,shared_vote_error_pareto_tcs_residual_specialization,43,2,10,10,1.0,b5a173b7c570bcba287a93de26d72949b641367cb3a9b478125130551ac3b82a,cd708f3d8e6d634d356f298d8f0b17dafbce98b1db5be7c734dcd135da169b3e,11,0.17607771134031344,0.18202130505247588,0.2678242657444839,0.28639618138424816,0,0.0,0.7333333333333334,,,6,
runs_vote_v7_strict_pilot_0d6093e,D:\myx\grade_one\experiments\multi_agent_diversity\runs_vote_v7_strict_pilot_0d6093e\disambiguation_qa\shared_vote_error_pareto_tcs_residual_specialization_seed43,disambiguation_qa,shared_vote_error_pareto_tcs_residual_specialization,43,3,4,2,0.5,b5a173b7c570bcba287a93de26d72949b641367cb3a9b478125130551ac3b82a,083d6541c194c9bb593f2daf512c0b79da1d4863551b2dcfa06a286116785191,3,0.4360189573459715,0.4360189573459715,0.4360189573459715,0.4360189573459715,0,0.0,0.32677165354330706,,,1,
runs_vote_v7_strict_pilot_0d6093e,D:\myx\grade_one\experiments\multi_agent_diversity\runs_vote_v7_strict_pilot_0d6093e\disambiguation_qa\shared_vote_error_pareto_tcs_residual_specialization_seed43,disambiguation_qa,shared_vote_error_pareto_tcs_residual_specialization,43,4,3,2,0.6666666666666666,b5a173b7c570bcba287a93de26d72949b641367cb3a9b478125130551ac3b82a,972ea84d9f4f6d2617964e541839997541b793f8f24d67c94b9cf82383cd68a7,3,0.271948608137045,0.271948608137045,0.271948608137045,0.271948608137045,0,0.0,0.5853658536585367,,,1,
runs_vote_v7_strict_pilot_0d6093e,D:\myx\grade_one\experiments\multi_agent_diversity\runs_vote_v7_strict_pilot_0d6093e\disambiguation_qa\shared_vote_error_pareto_tcs_seed42,disambiguation_qa,shared_vote_error_pareto_tcs,42,0,7,3,0.42857142857142855,b5a173b7c570bcba287a93de26d72949b641367cb3a9b478125130551ac3b82a,f919f316a8c9d31cebf980bdcc5244d0074008bfd39ad2cc0c1a897acb779dbf,4,0.2959970887918486,0.2959970887918486,0.4058660844250364,0.43333333333333335,0,0.0,0.417989417989418,,,1,
runs_vote_v7_strict_pilot_0d6093e,D:\myx\grade_one\experiments\multi_agent_diversity\runs_vote_v7_strict_pilot_0d6093e\disambiguation_qa\shared_vote_error_pareto_tcs_seed42,disambiguation_qa,shared_vote_error_pareto_tcs,42,1,2,2,1.0,b5a173b7c570bcba287a93de26d72949b641367cb3a9b478125130551ac3b82a,7c1229cdbe939badc0e03982144a9a4dd5b11d1632019cdd15637b6362ae0e57,3,0.1724137931034483,0.1724137931034483,0.1724137931034483,0.1724137931034483,0,0.0,0.31288343558282206,,,1,
runs_vote_v7_strict_pilot_0d6093e,D:\myx\grade_one\experiments\multi_agent_diversity\runs_vote_v7_strict_pilot_0d6093e\disambiguation_qa\shared_vote_error_pareto_tcs_seed42,disambiguation_qa,shared_vote_error_pareto_tcs,42,2,5,3,0.6,b5a173b7c570bcba287a93de26d72949b641367cb3a9b478125130551ac3b82a,426911662fcb6a93217839442e4f810a277c5fdff099854de366b1889672a24d,4,0.27550031820250537,0.22196796338672764,0.4126475609313138,0.46031746031746035,1,0.3333333333333333,0.652046783625731,0.826500954607516,1.2675485492187017,0,
runs_vote_v7_strict_pilot_0d6093e,D:\myx\grade_one\experiments\multi_agent_diversity\runs_vote_v7_strict_pilot_0d6093e\disambiguation_qa\shared_vote_error_pareto_tcs_seed42,disambiguation_qa,shared_vote_error_pareto_tcs,42,3,5,4,0.8,b5a173b7c570bcba287a93de26d72949b641367cb3a9b478125130551ac3b82a,f6502bbe280a8a9c9c5a1499312b517474b10fdc17dd397105eb64142b87b6b0,5,0.21374541199990527,0.13318284424379234,0.36894426115645085,0.4278846153846154,0,0.0,0.4918276374442794,,,1,
runs_vote_v7_strict_pilot_0d6093e,D:\myx\grade_one\experiments\multi_agent_diversity\runs_vote_v7_strict_pilot_0d6093e\disambiguation_qa\shared_vote_error_pareto_tcs_seed42,disambiguation_qa,shared_vote_error_pareto_tcs,42,4,5,5,1.0,b5a173b7c570bcba287a93de26d72949b641367cb3a9b478125130551ac3b82a,c94670c2fe723374fa7acadf411052f941585180a5430a1ce691fe31e9a8575b,6,0.39812555057342075,0.4439252336448598,0.5084232896230287,0.524547803617571,1,0.3333333333333333,0.38378378378378375,,,2,
runs_vote_v7_strict_pilot_0d6093e,D:\myx\grade_one\experiments\multi_agent_diversity\runs_vote_v7_strict_pilot_0d6093e\disambiguation_qa\shared_vote_error_pareto_tcs_seed43,disambiguation_qa,shared_vote_error_pareto_tcs,43,0,6,3,0.5,b5a173b7c570bcba287a93de26d72949b641367cb3a9b478125130551ac3b82a,06564d096ce2286630b09b2c8035c57f306f172208d608509b8d89e44cfaa9a0,4,0.21126760563380287,0.21126760563380287,0.21126760563380287,0.21126760563380287,0,0.0,0.4977578475336323,,,2,
runs_vote_v7_strict_pilot_0d6093e,D:\myx\grade_one\experiments\multi_agent_diversity\runs_vote_v7_strict_pilot_0d6093e\disambiguation_qa\shared_vote_error_pareto_tcs_seed43,disambiguation_qa,shared_vote_error_pareto_tcs,43,1,6,3,0.5,b5a173b7c570bcba287a93de26d72949b641367cb3a9b478125130551ac3b82a,55815af47da270ec343de7e9e5241316b4c2c1b3c888dc7ea36c244f18da2773,4,0.3794856444411185,0.3794856444411185,0.5115078949337724,0.5445134575569358,1,0.5,0.3207547169811321,,,1,
runs_vote_v7_strict_pilot_0d6093e,D:\myx\grade_one\experiments\multi_agent_diversity\runs_vote_v7_strict_pilot_0d6093e\disambiguation_qa\shared_vote_error_pareto_tcs_seed43,disambiguation_qa,shared_vote_error_pareto_tcs,43,2,5,4,0.8,b5a173b7c570bcba287a93de26d72949b641367cb3a9b478125130551ac3b82a,478b37f7bd4d0b68644aa4de8012647d212018bc62f03b56a58a6a9ab46a41d6,5,0.1948783057751235,0.1948783057751235,0.20197331923465,0.20374707259953162,0,0.0,0.6339522546419099,,,2,
runs_vote_v7_strict_pilot_0d6093e,D:\myx\grade_one\experiments\multi_agent_diversity\runs_vote_v7_strict_pilot_0d6093e\disambiguation_qa\shared_vote_error_pareto_tcs_seed43,disambiguation_qa,shared_vote_error_pareto_tcs,43,3,2,2,1.0,b5a173b7c570bcba287a93de26d72949b641367cb3a9b478125130551ac3b82a,3648b206dffec5121f1b5a24a6e264264e21fc99eef2b4441e0ad4bb8cddb615,3,0.21028037383177567,0.21028037383177567,0.21028037383177567,0.21028037383177567,0,0.0,,,,1,
runs_vote_v7_strict_pilot_0d6093e,D:\myx\grade_one\experiments\multi_agent_diversity\runs_vote_v7_strict_pilot_0d6093e\disambiguation_qa\shared_vote_error_pareto_tcs_seed43,disambiguation_qa,shared_vote_error_pareto_tcs,43,4,5,5,1.0,b5a173b7c570bcba287a93de26d72949b641367cb3a9b478125130551ac3b82a,7685307e9a436d9067a2900a3ddc3503892e65ee41e7ffd3627c3bd87c16edb8,6,0.20697364910747354,0.17340491234737992,0.37935569407764613,0.4477958236658933,0,0.0,0.5742397137745975,,,1,
runs_vote_v7_strict_pilot_0d6093e,D:\myx\grade_one\experiments\multi_agent_diversity\runs_vote_v7_strict_pilot_0d6093e\disambiguation_qa\shared_vote_pareto_tcs_boundary_selector_seed42,disambiguation_qa,shared_vote_pareto_tcs_boundary_selector,42,0,7,3,0.42857142857142855,b5a173b7c570bcba287a93de26d72949b641367cb3a9b478125130551ac3b82a,9e4d7d5ff84936d37d45deec71bd986f8c141842ea882bd40a7f010481affa91,4,0.527710843373494,0.527710843373494,0.527710843373494,0.527710843373494,1,1.0,0.37362637362637363,,,2,
runs_vote_v7_strict_pilot_0d6093e,D:\myx\grade_one\experiments\multi_agent_diversity\runs_vote_v7_strict_pilot_0d6093e\disambiguation_qa\shared_vote_pareto_tcs_boundary_selector_seed42,disambiguation_qa,shared_vote_pareto_tcs_boundary_selector,42,1,2,1,0.5,b5a173b7c570bcba287a93de26d72949b641367cb3a9b478125130551ac3b82a,86a2eede46c941e70049ab97c1afca11e300b03649115cc94b4a8a1fbc92a09c,2,0.2566371681415929,0.2566371681415929,0.2566371681415929,0.2566371681415929,0,0.0,0.2566371681415929,0.2566371681415929,1.0,0,
runs_vote_v7_strict_pilot_0d6093e,D:\myx\grade_one\experiments\multi_agent_diversity\runs_vote_v7_strict_pilot_0d6093e\disambiguation_qa\shared_vote_pareto_tcs_boundary_selector_seed42,disambiguation_qa,shared_vote_pareto_tcs_boundary_selector,42,2,5,4,0.8,b5a173b7c570bcba287a93de26d72949b641367cb3a9b478125130551ac3b82a,a63478da06782f2343b225930ce7bb678011f7972e98d36ecfab6a0004ddafa0,5,0.7051961823966066,0.7051961823966066,0.7051961823966066,0.7051961823966066,1,1.0,0.6765578635014837,,,3,
runs_vote_v7_strict_pilot_0d6093e,D:\myx\grade_one\experiments\multi_agent_diversity\runs_vote_v7_strict_pilot_0d6093e\disambiguation_qa\shared_vote_pareto_tcs_boundary_selector_seed42,disambiguation_qa,shared_vote_pareto_tcs_boundary_selector,42,3,2,1,0.5,b5a173b7c570bcba287a93de26d72949b641367cb3a9b478125130551ac3b82a,08a12858d271fa3fd4c3e6e78f27b5b3761423ac4d35e759cba325ad3c8db835,2,0.4375,0.4375,0.4375,0.4375,0,0.0,0.4375,0.4375,1.0,0,
runs_vote_v7_strict_pilot_0d6093e,D:\myx\grade_one\experiments\multi_agent_diversity\runs_vote_v7_strict_pilot_0d6093e\disambiguation_qa\shared_vote_pareto_tcs_boundary_selector_seed42,disambiguation_qa,shared_vote_pareto_tcs_boundary_selector,42,4,8,5,0.625,b5a173b7c570bcba287a93de26d72949b641367cb3a9b478125130551ac3b82a,639d5c8aa1c2860c79a49853e55b944c7389707925ce8f2d1b3dfe351523cca2,6,0.6,0.6,0.6,0.6,1,1.0,0.5279329608938548,,,4,
runs_vote_v7_strict_pilot_0d6093e,D:\myx\grade_one\experiments\multi_agent_diversity\runs_vote_v7_strict_pilot_0d6093e\disambiguation_qa\shared_vote_pareto_tcs_boundary_selector_seed43,disambiguation_qa,shared_vote_pareto_tcs_boundary_selector,43,0,4,3,0.75,b5a173b7c570bcba287a93de26d72949b641367cb3a9b478125130551ac3b82a,eee019a677de0a071742e1c572f1be1f4308451e1788795754d07a96b88fcb99,4,0.2075471698113207,0.2075471698113207,0.2075471698113207,0.2075471698113207,0,0.0,0.6110154905335627,,,2,
runs_vote_v7_strict_pilot_0d6093e,D:\myx\grade_one\experiments\multi_agent_diversity\runs_vote_v7_strict_pilot_0d6093e\disambiguation_qa\shared_vote_pareto_tcs_boundary_selector_seed43,disambiguation_qa,shared_vote_pareto_tcs_boundary_selector,43,1,5,1,0.2,b5a173b7c570bcba287a93de26d72949b641367cb3a9b478125130551ac3b82a,943692b18b2f0c870b5fa124c486b8198c9038adc14033da27fbd2e730f1c645,2,0.2629213483146068,0.2629213483146068,0.2629213483146068,0.2629213483146068,0,0.0,,0.2629213483146068,,0,
runs_vote_v7_strict_pilot_0d6093e,D:\myx\grade_one\experiments\multi_agent_diversity\runs_vote_v7_strict_pilot_0d6093e\disambiguation_qa\shared_vote_pareto_tcs_boundary_selector_seed43,disambiguation_qa,shared_vote_pareto_tcs_boundary_selector,43,2,4,3,0.75,b5a173b7c570bcba287a93de26d72949b641367cb3a9b478125130551ac3b82a,82fc9f21058d381e4e8e45c6df8a80a0a2df47869d1ca61feb2aeb6e900f2e81,4,0.18108818524370973,0.18108818524370973,0.2154324176492038,0.22401847575057732,0,0.0,0.36969696969696975,,,1,
runs_vote_v7_strict_pilot_0d6093e,D:\myx\grade_one\experiments\multi_agent_diversity\runs_vote_v7_strict_pilot_0d6093e\disambiguation_qa\shared_vote_pareto_tcs_boundary_selector_seed43,disambiguation_qa,shared_vote_pareto_tcs_boundary_selector,43,3,6,3,0.5,b5a173b7c570bcba287a93de26d72949b641367cb3a9b478125130551ac3b82a,62ced185d099a4515e3e68866f263785293bf9fc1da7d3b0832df4914c6d08e2,4,0.1951807228915663,0.1951807228915663,0.1951807228915663,0.1951807228915663,0,0.0,0.37981651376146786,,,2,
runs_vote_v7_strict_pilot_0d6093e,D:\myx\grade_one\experiments\multi_agent_diversity\runs_vote_v7_strict_pilot_0d6093e\disambiguation_qa\shared_vote_pareto_tcs_boundary_selector_seed43,disambiguation_qa,shared_vote_pareto_tcs_boundary_selector,43,4,5,2,0.4,b5a173b7c570bcba287a93de26d72949b641367cb3a9b478125130551ac3b82a,74d7ce62b1299ef914bba0ac1732292821a8483584e189682eef5ff7bf95093c,3,0.14395886889460152,0.14395886889460152,0.14395886889460152,0.14395886889460152,0,0.0,0.5146579804560261,,,1,
runs_vote_v7_strict_pilot_0d6093e,D:\myx\grade_one\experiments\multi_agent_diversity\runs_vote_v7_strict_pilot_0d6093e\disambiguation_qa\shared_vote_pareto_tcs_static_seed42,disambiguation_qa,shared_vote_pareto_tcs_static,42,0,4,2,0.5,b5a173b7c570bcba287a93de26d72949b641367cb3a9b478125130551ac3b82a,,1,,,,,0,0.0,,,,2,
runs_vote_v7_strict_pilot_0d6093e,D:\myx\grade_one\experiments\multi_agent_diversity\runs_vote_v7_strict_pilot_0d6093e\disambiguation_qa\shared_vote_pareto_tcs_static_seed42,disambiguation_qa,shared_vote_pareto_tcs_static,42,1,5,3,0.6,b5a173b7c570bcba287a93de26d72949b641367cb3a9b478125130551ac3b82a,,1,,,,,0,0.0,,,,3,
runs_vote_v7_strict_pilot_0d6093e,D:\myx\grade_one\experiments\multi_agent_diversity\runs_vote_v7_strict_pilot_0d6093e\disambiguation_qa\shared_vote_pareto_tcs_static_seed42,disambiguation_qa,shared_vote_pareto_tcs_static,42,2,3,2,0.6666666666666666,b5a173b7c570bcba287a93de26d72949b641367cb3a9b478125130551ac3b82a,,1,,,,,0,0.0,,,,2,
runs_vote_v7_strict_pilot_0d6093e,D:\myx\grade_one\experiments\multi_agent_diversity\runs_vote_v7_strict_pilot_0d6093e\disambiguation_qa\shared_vote_pareto_tcs_static_seed42,disambiguation_qa,shared_vote_pareto_tcs_static,42,3,6,5,0.8333333333333334,b5a173b7c570bcba287a93de26d72949b641367cb3a9b478125130551ac3b82a,,1,,,,,0,0.0,,,,5,
runs_vote_v7_strict_pilot_0d6093e,D:\myx\grade_one\experiments\multi_agent_diversity\runs_vote_v7_strict_pilot_0d6093e\disambiguation_qa\shared_vote_pareto_tcs_static_seed42,disambiguation_qa,shared_vote_pareto_tcs_static,42,4,6,3,0.5,b5a173b7c570bcba287a93de26d72949b641367cb3a9b478125130551ac3b82a,,1,,,,,0,0.0,,,,3,
runs_vote_v7_strict_pilot_0d6093e,D:\myx\grade_one\experiments\multi_agent_diversity\runs_vote_v7_strict_pilot_0d6093e\disambiguation_qa\shared_vote_pareto_tcs_static_seed43,disambiguation_qa,shared_vote_pareto_tcs_static,43,0,5,5,1.0,b5a173b7c570bcba287a93de26d72949b641367cb3a9b478125130551ac3b82a,,1,,,,,0,0.0,,,,5,
runs_vote_v7_strict_pilot_0d6093e,D:\myx\grade_one\experiments\multi_agent_diversity\runs_vote_v7_strict_pilot_0d6093e\disambiguation_qa\shared_vote_pareto_tcs_static_seed43,disambiguation_qa,shared_vote_pareto_tcs_static,43,1,4,3,0.75,b5a173b7c570bcba287a93de26d72949b641367cb3a9b478125130551ac3b82a,,1,,,,,0,0.0,,,,3,
runs_vote_v7_strict_pilot_0d6093e,D:\myx\grade_one\experiments\multi_agent_diversity\runs_vote_v7_strict_pilot_0d6093e\disambiguation_qa\shared_vote_pareto_tcs_static_seed43,disambiguation_qa,shared_vote_pareto_tcs_static,43,2,5,4,0.8,b5a173b7c570bcba287a93de26d72949b641367cb3a9b478125130551ac3b82a,,1,,,,,0,0.0,,,,4,
runs_vote_v7_strict_pilot_0d6093e,D:\myx\grade_one\experiments\multi_agent_diversity\runs_vote_v7_strict_pilot_0d6093e\disambiguation_qa\shared_vote_pareto_tcs_static_seed43,disambiguation_qa,shared_vote_pareto_tcs_static,43,3,5,3,0.6,b5a173b7c570bcba287a93de26d72949b641367cb3a9b478125130551ac3b82a,,1,,,,,0,0.0,,,,3,
runs_vote_v7_strict_pilot_0d6093e,D:\myx\grade_one\experiments\multi_agent_diversity\runs_vote_v7_strict_pilot_0d6093e\disambiguation_qa\shared_vote_pareto_tcs_static_seed43,disambiguation_qa,shared_vote_pareto_tcs_static,43,4,5,2,0.4,b5a173b7c570bcba287a93de26d72949b641367cb3a9b478125130551ac3b82a,,1,,,,,0,0.0,,,,2,
runs_vote_v7_strict_pilot_0d6093e,D:\myx\grade_one\experiments\multi_agent_diversity\runs_vote_v7_strict_pilot_0d6093e\sports_understanding\shared_vote_error_pareto_tcs_residual_cycle_guard_seed42,sports_understanding,shared_vote_error_pareto_tcs_residual_cycle_guard,42,0,2,1,0.5,b5a173b7c570bcba287a93de26d72949b641367cb3a9b478125130551ac3b82a,35b129780f39da2762286781f5a6b6f3e89d5cc1cb39e8a69fc95a7d5a1e3cdf,2,0.4703196347031964,0.4703196347031964,0.4703196347031964,0.4703196347031964,1,1.0,0.4703196347031964,0.4703196347031964,1.0,0,
runs_vote_v7_strict_pilot_0d6093e,D:\myx\grade_one\experiments\multi_agent_diversity\runs_vote_v7_strict_pilot_0d6093e\sports_understanding\shared_vote_error_pareto_tcs_residual_cycle_guard_seed42,sports_understanding,shared_vote_error_pareto_tcs_residual_cycle_guard,42,1,4,1,0.25,b5a173b7c570bcba287a93de26d72949b641367cb3a9b478125130551ac3b82a,34b9b07f6cab34222743847d26f794f8081c37bfff2dc1e0e89c268ef66eb0ac,2,0.19999999999999996,0.19999999999999996,0.19999999999999996,0.19999999999999996,0,0.0,0.19999999999999996,0.19999999999999996,1.0,0,
runs_vote_v7_strict_pilot_0d6093e,D:\myx\grade_one\experiments\multi_agent_diversity\runs_vote_v7_strict_pilot_0d6093e\sports_understanding\shared_vote_error_pareto_tcs_residual_cycle_guard_seed42,sports_understanding,shared_vote_error_pareto_tcs_residual_cycle_guard,42,2,3,1,0.3333333333333333,b5a173b7c570bcba287a93de26d72949b641367cb3a9b478125130551ac3b82a,02f07db76cb54ca779a09962e8def5f10d8a2b09da954d2be2290f892c300af0,2,0.36909871244635195,0.36909871244635195,0.36909871244635195,0.36909871244635195,0,0.0,0.36909871244635195,0.36909871244635195,1.0,0,
runs_vote_v7_strict_pilot_0d6093e,D:\myx\grade_one\experiments\multi_agent_diversity\runs_vote_v7_strict_pilot_0d6093e\sports_understanding\shared_vote_error_pareto_tcs_residual_cycle_guard_seed42,sports_understanding,shared_vote_error_pareto_tcs_residual_cycle_guard,42,3,4,3,0.75,b5a173b7c570bcba287a93de26d72949b641367cb3a9b478125130551ac3b82a,d3a197292f462ec514814b2c607e88eea6d68aea09e24f10d32d7ef18692fa0f,4,0.2400601613791902,0.22249388753056232,0.28939673668978594,0.30612244897959184,0,0.0,0.5703422053231939,0.7201804841375706,1.2627164488545406,0,
runs_vote_v7_strict_pilot_0d6093e,D:\myx\grade_one\experiments\multi_agent_diversity\runs_vote_v7_strict_pilot_0d6093e\sports_understanding\shared_vote_error_pareto_tcs_residual_cycle_guard_seed42,sports_understanding,shared_vote_error_pareto_tcs_residual_cycle_guard,42,4,3,0,0.0,b5a173b7c570bcba287a93de26d72949b641367cb3a9b478125130551ac3b82a,b5a173b7c570bcba287a93de26d72949b641367cb3a9b478125130551ac3b82a,1,,,,,0,0.0,0.0,0.0,,0,
runs_vote_v7_strict_pilot_0d6093e,D:\myx\grade_one\experiments\multi_agent_diversity\runs_vote_v7_strict_pilot_0d6093e\sports_understanding\shared_vote_error_pareto_tcs_residual_cycle_guard_seed43,sports_understanding,shared_vote_error_pareto_tcs_residual_cycle_guard,43,0,4,1,0.25,b5a173b7c570bcba287a93de26d72949b641367cb3a9b478125130551ac3b82a,870e95e51d36d5a197a00b44326a29f54d48597c332ad0657f362f2378679770,2,0.17590361445783131,0.17590361445783131,0.17590361445783131,0.17590361445783131,0,0.0,0.17590361445783131,0.17590361445783131,1.0,0,
runs_vote_v7_strict_pilot_0d6093e,D:\myx\grade_one\experiments\multi_agent_diversity\runs_vote_v7_strict_pilot_0d6093e\sports_understanding\shared_vote_error_pareto_tcs_residual_cycle_guard_seed43,sports_understanding,shared_vote_error_pareto_tcs_residual_cycle_guard,43,1,1,0,0.0,b5a173b7c570bcba287a93de26d72949b641367cb3a9b478125130551ac3b82a,b5a173b7c570bcba287a93de26d72949b641367cb3a9b478125130551ac3b82a,1,,,,,0,0.0,0.0,0.0,,0,
runs_vote_v7_strict_pilot_0d6093e,D:\myx\grade_one\experiments\multi_agent_diversity\runs_vote_v7_strict_pilot_0d6093e\sports_understanding\shared_vote_error_pareto_tcs_residual_cycle_guard_seed43,sports_understanding,shared_vote_error_pareto_tcs_residual_cycle_guard,43,2,2,1,0.5,b5a173b7c570bcba287a93de26d72949b641367cb3a9b478125130551ac3b82a,a20a034455120f5ea7761bb9e1b6a612c9c30af0534836f45d6f0eaae96d1036,2,0.33464566929133854,0.33464566929133854,0.33464566929133854,0.33464566929133854,0,0.0,0.33464566929133854,0.33464566929133854,1.0,0,
runs_vote_v7_strict_pilot_0d6093e,D:\myx\grade_one\experiments\multi_agent_diversity\runs_vote_v7_strict_pilot_0d6093e\sports_understanding\shared_vote_error_pareto_tcs_residual_cycle_guard_seed43,sports_understanding,shared_vote_error_pareto_tcs_residual_cycle_guard,43,3,4,4,1.0,b5a173b7c570bcba287a93de26d72949b641367cb3a9b478125130551ac3b82a,74ccb5cfaa2d1374343d98804ea2f5e2209e9d576a424cd10622524cfa65eb05,5,0.3170121528345116,0.3170121528345116,0.42163908949961704,0.4477958236658933,0,0.0,0.5995316159250585,,,2,
runs_vote_v7_strict_pilot_0d6093e,D:\myx\grade_one\experiments\multi_agent_diversity\runs_vote_v7_strict_pilot_0d6093e\sports_understanding\shared_vote_error_pareto_tcs_residual_cycle_guard_seed43,sports_understanding,shared_vote_error_pareto_tcs_residual_cycle_guard,43,4,6,3,0.5,b5a173b7c570bcba287a93de26d72949b641367cb3a9b478125130551ac3b82a,becd0faa5fc6d06a2861863ff6134fa2312c6462a5e5015912a6ba3fa4a403c6,4,0.47844899484243747,0.47844899484243747,0.7019576052362938,0.7578347578347578,1,0.5,0.4767025089605734,,,1,
runs_vote_v7_strict_pilot_0d6093e,D:\myx\grade_one\experiments\multi_agent_diversity\runs_vote_v7_strict_pilot_0d6093e\sports_understanding\shared_vote_error_pareto_tcs_residual_specialization_seed42,sports_understanding,shared_vote_error_pareto_tcs_residual_specialization,42,0,3,0,0.0,b5a173b7c570bcba287a93de26d72949b641367cb3a9b478125130551ac3b82a,b5a173b7c570bcba287a93de26d72949b641367cb3a9b478125130551ac3b82a,1,,,,,0,0.0,0.0,0.0,,0,
runs_vote_v7_strict_pilot_0d6093e,D:\myx\grade_one\experiments\multi_agent_diversity\runs_vote_v7_strict_pilot_0d6093e\sports_understanding\shared_vote_error_pareto_tcs_residual_specialization_seed42,sports_understanding,shared_vote_error_pareto_tcs_residual_specialization,42,1,6,2,0.3333333333333333,b5a173b7c570bcba287a93de26d72949b641367cb3a9b478125130551ac3b82a,db7341d0eba4d6aa701b8db1b745a41fec9acea4cb0e26cb68b2c5a499b49010,3,0.3490364025695931,0.3490364025695931,0.3490364025695931,0.3490364025695931,0,0.0,0.6352395672333848,,,1,
runs_vote_v7_strict_pilot_0d6093e,D:\myx\grade_one\experiments\multi_agent_diversity\runs_vote_v7_strict_pilot_0d6093e\sports_understanding\shared_vote_error_pareto_tcs_residual_specialization_seed42,sports_understanding,shared_vote_error_pareto_tcs_residual_specialization,42,2,4,2,0.5,b5a173b7c570bcba287a93de26d72949b641367cb3a9b478125130551ac3b82a,04ada2f607b490d48ef85dd579f1bc10761b7a9ccd9b29a37b0b5967c35e32ac,3,0.3147133220910624,0.3147133220910624,0.36648397976391234,0.3794266441821248,0,0.0,0.3444676409185804,0.6294266441821248,1.8272446215953804,0,
runs_vote_v7_strict_pilot_0d6093e,D:\myx\grade_one\experiments\multi_agent_diversity\runs_vote_v7_strict_pilot_0d6093e\sports_understanding\shared_vote_error_pareto_tcs_residual_specialization_seed42,sports_understanding,shared_vote_error_pareto_tcs_residual_specialization,42,3,1,0,0.0,b5a173b7c570bcba287a93de26d72949b641367cb3a9b478125130551ac3b82a,b5a173b7c570bcba287a93de26d72949b641367cb3a9b478125130551ac3b82a,1,,,,,0,0.0,0.0,0.0,,0,
runs_vote_v7_strict_pilot_0d6093e,D:\myx\grade_one\experiments\multi_agent_diversity\runs_vote_v7_strict_pilot_0d6093e\sports_understanding\shared_vote_error_pareto_tcs_residual_specialization_seed42,sports_understanding,shared_vote_error_pareto_tcs_residual_specialization,42,4,6,5,0.8333333333333334,b5a173b7c570bcba287a93de26d72949b641367cb3a9b478125130551ac3b82a,762544f9d11aa543e582c8de1cef2d9ffe70d20c55604381268a6a97f02fa134,6,0.24248038075505998,0.23764705882352943,0.31323076923076926,0.3321266968325792,0,0.0,0.627906976744186,,,2,
runs_vote_v7_strict_pilot_0d6093e,D:\myx\grade_one\experiments\multi_agent_diversity\runs_vote_v7_strict_pilot_0d6093e\sports_understanding\shared_vote_error_pareto_tcs_residual_specialization_seed43,sports_understanding,shared_vote_error_pareto_tcs_residual_specialization,43,0,6,4,0.6666666666666666,b5a173b7c570bcba287a93de26d72949b641367cb3a9b478125130551ac3b82a,bd044dced40b6031c2391277aa2bb1e866846f668d76b4a4b71de752f98d3110,4,0.22228316072387683,0.22522669880624424,0.40575315764852643,0.4386792452830188,0,0.0,0.4746136865342163,0.8891326428955073,1.8733818010775107,0,
runs_vote_v7_strict_pilot_0d6093e,D:\myx\grade_one\experiments\multi_agent_diversity\runs_vote_v7_strict_pilot_0d6093e\sports_understanding\shared_vote_error_pareto_tcs_residual_specialization_seed43,sports_understanding,shared_vote_error_pareto_tcs_residual_specialization,43,1,1,0,0.0,b5a173b7c570bcba287a93de26d72949b641367cb3a9b478125130551ac3b82a,b5a173b7c570bcba287a93de26d72949b641367cb3a9b478125130551ac3b82a,1,,,,,0,0.0,0.0,0.0,,0,
runs_vote_v7_strict_pilot_0d6093e,D:\myx\grade_one\experiments\multi_agent_diversity\runs_vote_v7_strict_pilot_0d6093e\sports_understanding\shared_vote_error_pareto_tcs_residual_specialization_seed43,sports_understanding,shared_vote_error_pareto_tcs_residual_specialization,43,2,1,0,0.0,b5a173b7c570bcba287a93de26d72949b641367cb3a9b478125130551ac3b82a,b5a173b7c570bcba287a93de26d72949b641367cb3a9b478125130551ac3b82a,1,,,,,0,0.0,0.0,0.0,,0,
runs_vote_v7_strict_pilot_0d6093e,D:\myx\grade_one\experiments\multi_agent_diversity\runs_vote_v7_strict_pilot_0d6093e\sports_understanding\shared_vote_error_pareto_tcs_residual_specialization_seed43,sports_understanding,shared_vote_error_pareto_tcs_residual_specialization,43,3,8,5,0.625,b5a173b7c570bcba287a93de26d72949b641367cb3a9b478125130551ac3b82a,fb1a8ad27826bfca6bf5ec50b8714e721900f38f58a465aa778d9a0e4a948eff,5,0.2942819820820788,0.3706896551724138,0.3748816768086545,0.37643678160919536,0,0.0,0.33333333333333337,1.4714099104103937,4.41422973123118,0,
runs_vote_v7_strict_pilot_0d6093e,D:\myx\grade_one\experiments\multi_agent_diversity\runs_vote_v7_strict_pilot_0d6093e\sports_understanding\shared_vote_error_pareto_tcs_residual_specialization_seed43,sports_understanding,shared_vote_error_pareto_tcs_residual_specialization,43,4,3,2,0.6666666666666666,b5a173b7c570bcba287a93de26d72949b641367cb3a9b478125130551ac3b82a,8786cf31d7d2f2383f57287ebdde3a4cfb0ea7e49e550c1a8744321556a13e33,2,0.1407563025210084,0.1407563025210084,0.2533613445378151,0.2815126050420168,0,0.0,0.2815126050420168,0.2815126050420168,1.0,0,
runs_vote_v7_strict_pilot_0d6093e,D:\myx\grade_one\experiments\multi_agent_diversity\runs_vote_v7_strict_pilot_0d6093e\sports_understanding\shared_vote_error_pareto_tcs_seed42,sports_understanding,shared_vote_error_pareto_tcs,42,0,4,3,0.75,b5a173b7c570bcba287a93de26d72949b641367cb3a9b478125130551ac3b82a,c3dce6a1c2c9265d35679e71331b6dd7cce2bec491f28a05e7f744e8686a1c43,3,0.125,0.125,0.225,0.25,0,0.0,0.43434343434343436,,,1,
runs_vote_v7_strict_pilot_0d6093e,D:\myx\grade_one\experiments\multi_agent_diversity\runs_vote_v7_strict_pilot_0d6093e\sports_understanding\shared_vote_error_pareto_tcs_seed42,sports_understanding,shared_vote_error_pareto_tcs,42,1,6,5,0.8333333333333334,b5a173b7c570bcba287a93de26d72949b641367cb3a9b478125130551ac3b82a,fa5178826436baf4c6d8ff8aeaefaa1adf5b0bceb7e95db3ef7c3251dde427a3,6,0.5805718051493157,0.5934640522875817,0.6349474596468422,0.6353591160220995,4,1.0,0.7223042836041359,,,1,
runs_vote_v7_strict_pilot_0d6093e,D:\myx\grade_one\experiments\multi_agent_diversity\runs_vote_v7_strict_pilot_0d6093e\sports_understanding\shared_vote_error_pareto_tcs_seed42,sports_understanding,shared_vote_error_pareto_tcs,42,2,3,2,0.6666666666666666,b5a173b7c570bcba287a93de26d72949b641367cb3a9b478125130551ac3b82a,b5a173b7c570bcba287a93de26d72949b641367cb3a9b478125130551ac3b82a,2,0.2261072261072261,0.2261072261072261,0.23356643356643358,0.23543123543123545,0,0.0,0.0,0.4522144522144522,,0,
runs_vote_v7_strict_pilot_0d6093e,D:\myx\grade_one\experiments\multi_agent_diversity\runs_vote_v7_strict_pilot_0d6093e\sports_understanding\shared_vote_error_pareto_tcs_seed42,sports_understanding,shared_vote_error_pareto_tcs,42,3,5,3,0.6,b5a173b7c570bcba287a93de26d72949b641367cb3a9b478125130551ac3b82a,84e504c3b9b9e7b751fa2f179a051c1cc10a9aa37c68b97a831c9a480aea4159,4,0.35802886631406655,0.35802886631406655,0.4604325889052714,0.4860335195530726,1,0.5,0.5,,,1,
runs_vote_v7_strict_pilot_0d6093e,D:\myx\grade_one\experiments\multi_agent_diversity\runs_vote_v7_strict_pilot_0d6093e\sports_understanding\shared_vote_error_pareto_tcs_seed42,sports_understanding,shared_vote_error_pareto_tcs,42,4,3,2,0.6666666666666666,b5a173b7c570bcba287a93de26d72949b641367cb3a9b478125130551ac3b82a,d5509b4e8bc674bddef46d98ba23de8a76a52f3735a3337303726b242f4e0b76,3,0.23991646362687086,0.23991646362687086,0.2945715280194918,0.30823529411764705,0,0.0,0.2264150943396226,0.4798329272537417,2.119262095370693,0,
runs_vote_v7_strict_pilot_0d6093e,D:\myx\grade_one\experiments\multi_agent_diversity\runs_vote_v7_strict_pilot_0d6093e\sports_understanding\shared_vote_error_pareto_tcs_seed43,sports_understanding,shared_vote_error_pareto_tcs,43,0,5,4,0.8,b5a173b7c570bcba287a93de26d72949b641367cb3a9b478125130551ac3b82a,e37a20df7fe045824c9c9b8608d86ec185ad7eb57efab7a2722c26a5930c58fd,5,0.41191972390647014,0.40362477876106195,0.4417246346984976,0.45581395348837206,1,0.25,0.4227642276422764,1.6476788956258805,3.8973943108073716,0,
runs_vote_v7_strict_pilot_0d6093e,D:\myx\grade_one\experiments\multi_agent_diversity\runs_vote_v7_strict_pilot_0d6093e\sports_understanding\shared_vote_error_pareto_tcs_seed43,sports_understanding,shared_vote_error_pareto_tcs,43,1,3,1,0.3333333333333333,b5a173b7c570bcba287a93de26d72949b641367cb3a9b478125130551ac3b82a,98777f08627fdd6479e74651be47854f0572e2580ba256923b6d91cfa869e695,2,0.3463035019455253,0.3463035019455253,0.3463035019455253,0.3463035019455253,0,0.0,0.3463035019455253,0.3463035019455253,1.0,0,
runs_vote_v7_strict_pilot_0d6093e,D:\myx\grade_one\experiments\multi_agent_diversity\runs_vote_v7_strict_pilot_0d6093e\sports_understanding\shared_vote_error_pareto_tcs_seed43,sports_understanding,shared_vote_error_pareto_tcs,43,2,5,2,0.4,b5a173b7c570bcba287a93de26d72949b641367cb3a9b478125130551ac3b82a,e720b79ae2f19666071054ca41de7d34d203368d7001cf88d1abaa73589e7359,3,0.21414170117182213,0.21414170117182213,0.2729168358095857,0.28761061946902655,0,0.0,0.40808823529411764,0.42828340234364426,1.0494872561934345,0,
runs_vote_v7_strict_pilot_0d6093e,D:\myx\grade_one\experiments\multi_agent_diversity\runs_vote_v7_strict_pilot_0d6093e\sports_understanding\shared_vote_error_pareto_tcs_seed43,sports_understanding,shared_vote_error_pareto_tcs,43,3,3,3,1.0,b5a173b7c570bcba287a93de26d72949b641367cb3a9b478125130551ac3b82a,579ed55b18bdbda867c93a840931ae9416b42495f36667358cc7e878acc28653,3,0.38205529426888246,0.38579654510556627,0.48406909788867564,0.508637236084453,1,0.3333333333333333,0.2517321016166282,1.1461658828066474,4.553117681241086,0,
runs_vote_v7_strict_pilot_0d6093e,D:\myx\grade_one\experiments\multi_agent_diversity\runs_vote_v7_strict_pilot_0d6093e\sports_understanding\shared_vote_error_pareto_tcs_seed43,sports_understanding,shared_vote_error_pareto_tcs,43,4,2,1,0.5,b5a173b7c570bcba287a93de26d72949b641367cb3a9b478125130551ac3b82a,26fed270b8bda6debec60adf60ac4e699521aee5c4cfe26c42a06d0ee2eb0266,2,0.24835164835164836,0.24835164835164836,0.24835164835164836,0.24835164835164836,0,0.0,0.24835164835164836,0.24835164835164836,1.0,0,
runs_vote_v7_strict_pilot_0d6093e,D:\myx\grade_one\experiments\multi_agent_diversity\runs_vote_v7_strict_pilot_0d6093e\sports_understanding\shared_vote_pareto_tcs_boundary_selector_seed42,sports_understanding,shared_vote_pareto_tcs_boundary_selector,42,0,6,4,0.6666666666666666,b5a173b7c570bcba287a93de26d72949b641367cb3a9b478125130551ac3b82a,31fda336c4129aeaed3bf8168afdd53a3b73559050716a2695d20d2e01621195,5,0.31176685160327294,0.2601880877742947,0.45718783214713365,0.5064377682403434,1,0.3333333333333333,0.6533742331288344,,,1,
runs_vote_v7_strict_pilot_0d6093e,D:\myx\grade_one\experiments\multi_agent_diversity\runs_vote_v7_strict_pilot_0d6093e\sports_understanding\shared_vote_pareto_tcs_boundary_selector_seed42,sports_understanding,shared_vote_pareto_tcs_boundary_selector,42,1,7,3,0.42857142857142855,b5a173b7c570bcba287a93de26d72949b641367cb3a9b478125130551ac3b82a,4b994bf156c2645b49f272d789b703f2f9f8e18cc1cf127e42dbc98d00bf6fa9,3,0.25540046990950754,0.07223113964687,0.5118375322772001,0.6217391304347826,1,0.3333333333333333,0.6217391304347826,0.7662014097285226,1.2323519177451763,0,
runs_vote_v7_strict_pilot_0d6093e,D:\myx\grade_one\experiments\multi_agent_diversity\runs_vote_v7_strict_pilot_0d6093e\sports_understanding\shared_vote_pareto_tcs_boundary_selector_seed42,sports_understanding,shared_vote_pareto_tcs_boundary_selector,42,2,2,2,1.0,b5a173b7c570bcba287a93de26d72949b641367cb3a9b478125130551ac3b82a,8ab2e82e19149d0703c79256078ee0593bbc36efe86db72ba1d7a0165115b8ec,3,0.42835067801955223,0.42835067801955223,0.4513844213181962,0.4571428571428572,1,0.5,0.46993318485523383,0.8567013560391045,1.823028004083213,0,
runs_vote_v7_strict_pilot_0d6093e,D:\myx\grade_one\experiments\multi_agent_diversity\runs_vote_v7_strict_pilot_0d6093e\sports_understanding\shared_vote_pareto_tcs_boundary_selector_seed42,sports_understanding,shared_vote_pareto_tcs_boundary_selector,42,3,3,2,0.6666666666666666,b5a173b7c570bcba287a93de26d72949b641367cb3a9b478125130551ac3b82a,e6562e6f0223a784fae1ba75dec5b453dea0ac55a45193ebcb3b4796c250bcbd,3,0.16386496248958043,0.16386496248958043,0.22938316198944153,0.2457627118644068,0,0.0,0.3258928571428571,0.32772992497916087,1.0056370300730417,0,
runs_vote_v7_strict_pilot_0d6093e,D:\myx\grade_one\experiments\multi_agent_diversity\runs_vote_v7_strict_pilot_0d6093e\sports_understanding\shared_vote_pareto_tcs_boundary_selector_seed42,sports_understanding,shared_vote_pareto_tcs_boundary_selector,42,4,5,3,0.6,b5a173b7c570bcba287a93de26d72949b641367cb3a9b478125130551ac3b82a,ec2dfddb075c97f20c6a7bb444829a9a899fabbb0e1505b67dbc4d2fd89cbdd5,4,0.3574563355016613,0.4273504273504274,0.5244311244311245,0.5487012987012987,1,0.3333333333333333,,1.0723690065049838,,0,
runs_vote_v7_strict_pilot_0d6093e,D:\myx\grade_one\experiments\multi_agent_diversity\runs_vote_v7_strict_pilot_0d6093e\sports_understanding\shared_vote_pareto_tcs_boundary_selector_seed43,sports_understanding,shared_vote_pareto_tcs_boundary_selector,43,0,4,0,0.0,b5a173b7c570bcba287a93de26d72949b641367cb3a9b478125130551ac3b82a,b5a173b7c570bcba287a93de26d72949b641367cb3a9b478125130551ac3b82a,1,,,,,0,0.0,0.0,0.0,,0,
runs_vote_v7_strict_pilot_0d6093e,D:\myx\grade_one\experiments\multi_agent_diversity\runs_vote_v7_strict_pilot_0d6093e\sports_understanding\shared_vote_pareto_tcs_boundary_selector_seed43,sports_understanding,shared_vote_pareto_tcs_boundary_selector,43,1,5,2,0.4,b5a173b7c570bcba287a93de26d72949b641367cb3a9b478125130551ac3b82a,73522d28e249eaa49899c50665bce619c729081615b86f06045b826b52bfd3eb,3,0.1717171717171717,0.1717171717171717,0.1717171717171717,0.1717171717171717,0,0.0,0.5889464594127807,,,1,
runs_vote_v7_strict_pilot_0d6093e,D:\myx\grade_one\experiments\multi_agent_diversity\runs_vote_v7_strict_pilot_0d6093e\sports_understanding\shared_vote_pareto_tcs_boundary_selector_seed43,sports_understanding,shared_vote_pareto_tcs_boundary_selector,43,2,5,1,0.2,b5a173b7c570bcba287a93de26d72949b641367cb3a9b478125130551ac3b82a,65b011bc230580b909699dc810671aa0884bfda22a9db8191470b1ad9a632434,2,0.46445497630331756,0.46445497630331756,0.46445497630331756,0.46445497630331756,1,1.0,0.46445497630331756,0.46445497630331756,1.0,0,
runs_vote_v7_strict_pilot_0d6093e,D:\myx\grade_one\experiments\multi_agent_diversity\runs_vote_v7_strict_pilot_0d6093e\sports_understanding\shared_vote_pareto_tcs_boundary_selector_seed43,sports_understanding,shared_vote_pareto_tcs_boundary_selector,43,3,5,3,0.6,b5a173b7c570bcba287a93de26d72949b641367cb3a9b478125130551ac3b82a,fd9069b708581aa2af5e77ab87b65b85eedd20e5dfee7c2640c5ad802ef51be2,4,0.4266168427205545,0.4266168427205545,0.4648582522650411,0.4744186046511628,1,0.5,0.48752834467120176,,,1,
runs_vote_v7_strict_pilot_0d6093e,D:\myx\grade_one\experiments\multi_agent_diversity\runs_vote_v7_strict_pilot_0d6093e\sports_understanding\shared_vote_pareto_tcs_boundary_selector_seed43,sports_understanding,shared_vote_pareto_tcs_boundary_selector,43,4,4,1,0.25,b5a173b7c570bcba287a93de26d72949b641367cb3a9b478125130551ac3b82a,4f5d4f730fcd3fb9f8f7c63fbebf13af7bca1f35453fd59390a6ee73d3b442a6,2,0.4978902953586498,0.4978902953586498,0.4978902953586498,0.4978902953586498,1,1.0,0.4978902953586498,0.4978902953586498,1.0,0,
runs_vote_v7_strict_pilot_0d6093e,D:\myx\grade_one\experiments\multi_agent_diversity\runs_vote_v7_strict_pilot_0d6093e\sports_understanding\shared_vote_pareto_tcs_static_seed42,sports_understanding,shared_vote_pareto_tcs_static,42,0,4,1,0.25,b5a173b7c570bcba287a93de26d72949b641367cb3a9b478125130551ac3b82a,,1,,,,,0,0.0,,,,1,
runs_vote_v7_strict_pilot_0d6093e,D:\myx\grade_one\experiments\multi_agent_diversity\runs_vote_v7_strict_pilot_0d6093e\sports_understanding\shared_vote_pareto_tcs_static_seed42,sports_understanding,shared_vote_pareto_tcs_static,42,1,2,1,0.5,b5a173b7c570bcba287a93de26d72949b641367cb3a9b478125130551ac3b82a,,1,,,,,0,0.0,,,,1,
runs_vote_v7_strict_pilot_0d6093e,D:\myx\grade_one\experiments\multi_agent_diversity\runs_vote_v7_strict_pilot_0d6093e\sports_understanding\shared_vote_pareto_tcs_static_seed42,sports_understanding,shared_vote_pareto_tcs_static,42,2,6,4,0.6666666666666666,b5a173b7c570bcba287a93de26d72949b641367cb3a9b478125130551ac3b82a,,1,,,,,0,0.0,,,,4,
runs_vote_v7_strict_pilot_0d6093e,D:\myx\grade_one\experiments\multi_agent_diversity\runs_vote_v7_strict_pilot_0d6093e\sports_understanding\shared_vote_pareto_tcs_static_seed42,sports_understanding,shared_vote_pareto_tcs_static,42,3,3,1,0.3333333333333333,b5a173b7c570bcba287a93de26d72949b641367cb3a9b478125130551ac3b82a,,1,,,,,0,0.0,,,,1,
runs_vote_v7_strict_pilot_0d6093e,D:\myx\grade_one\experiments\multi_agent_diversity\runs_vote_v7_strict_pilot_0d6093e\sports_understanding\shared_vote_pareto_tcs_static_seed42,sports_understanding,shared_vote_pareto_tcs_static,42,4,6,5,0.8333333333333334,b5a173b7c570bcba287a93de26d72949b641367cb3a9b478125130551ac3b82a,,1,,,,,0,0.0,,,,5,
runs_vote_v7_strict_pilot_0d6093e,D:\myx\grade_one\experiments\multi_agent_diversity\runs_vote_v7_strict_pilot_0d6093e\sports_understanding\shared_vote_pareto_tcs_static_seed43,sports_understanding,shared_vote_pareto_tcs_static,43,0,4,1,0.25,b5a173b7c570bcba287a93de26d72949b641367cb3a9b478125130551ac3b82a,,1,,,,,0,0.0,,,,1,
runs_vote_v7_strict_pilot_0d6093e,D:\myx\grade_one\experiments\multi_agent_diversity\runs_vote_v7_strict_pilot_0d6093e\sports_understanding\shared_vote_pareto_tcs_static_seed43,sports_understanding,shared_vote_pareto_tcs_static,43,1,8,8,1.0,b5a173b7c570bcba287a93de26d72949b641367cb3a9b478125130551ac3b82a,,1,,,,,0,0.0,,,,8,
runs_vote_v7_strict_pilot_0d6093e,D:\myx\grade_one\experiments\multi_agent_diversity\runs_vote_v7_strict_pilot_0d6093e\sports_understanding\shared_vote_pareto_tcs_static_seed43,sports_understanding,shared_vote_pareto_tcs_static,43,2,4,2,0.5,b5a173b7c570bcba287a93de26d72949b641367cb3a9b478125130551ac3b82a,,1,,,,,0,0.0,,,,2,
runs_vote_v7_strict_pilot_0d6093e,D:\myx\grade_one\experiments\multi_agent_diversity\runs_vote_v7_strict_pilot_0d6093e\sports_understanding\shared_vote_pareto_tcs_static_seed43,sports_understanding,shared_vote_pareto_tcs_static,43,3,2,0,0.0,b5a173b7c570bcba287a93de26d72949b641367cb3a9b478125130551ac3b82a,b5a173b7c570bcba287a93de26d72949b641367cb3a9b478125130551ac3b82a,1,,,,,0,0.0,0.0,0.0,,0,
runs_vote_v7_strict_pilot_0d6093e,D:\myx\grade_one\experiments\multi_agent_diversity\runs_vote_v7_strict_pilot_0d6093e\sports_understanding\shared_vote_pareto_tcs_static_seed43,sports_understanding,shared_vote_pareto_tcs_static,43,4,2,1,0.5,b5a173b7c570bcba287a93de26d72949b641367cb3a9b478125130551ac3b82a,,1,,,,,0,0.0,,,,1,
runs_disambiguation_v7_formal_3seed_0d6093e,D:\myx\grade_one\experiments\multi_agent_diversity\runs_disambiguation_v7_formal_3seed_0d6093e\disambiguation_qa\shared_vote_error_pareto_tcs_residual_cycle_guard_seed42,disambiguation_qa,shared_vote_error_pareto_tcs_residual_cycle_guard,42,0,0,0,0.0,b5a173b7c570bcba287a93de26d72949b641367cb3a9b478125130551ac3b82a,b5a173b7c570bcba287a93de26d72949b641367cb3a9b478125130551ac3b82a,1,,,,,0,0.0,0.0,0.0,,0,
runs_disambiguation_v7_formal_3seed_0d6093e,D:\myx\grade_one\experiments\multi_agent_diversity\runs_disambiguation_v7_formal_3seed_0d6093e\disambiguation_qa\shared_vote_error_pareto_tcs_residual_cycle_guard_seed42,disambiguation_qa,shared_vote_error_pareto_tcs_residual_cycle_guard,42,1,2,2,1.0,b5a173b7c570bcba287a93de26d72949b641367cb3a9b478125130551ac3b82a,a542e3956ab09f0cf6bdce5ba99d97c40504e09a23f498cc5e3215f5ffee26c5,3,0.37777777777777777,0.37777777777777777,0.37777777777777777,0.37777777777777777,0,0.0,0.5222816399286987,,,1,
runs_disambiguation_v7_formal_3seed_0d6093e,D:\myx\grade_one\experiments\multi_agent_diversity\runs_disambiguation_v7_formal_3seed_0d6093e\disambiguation_qa\shared_vote_error_pareto_tcs_residual_cycle_guard_seed42,disambiguation_qa,shared_vote_error_pareto_tcs_residual_cycle_guard,42,2,3,3,1.0,b5a173b7c570bcba287a93de26d72949b641367cb3a9b478125130551ac3b82a,54593fc6eb1e17613d46fc072bde470c8cbfe1b81892822640c916cea764fde9,4,0.19742185771625426,0.19742185771625426,0.20929569229796785,0.21226415094339623,0,0.0,0.7217125382262997,,,1,
runs_disambiguation_v7_formal_3seed_0d6093e,D:\myx\grade_one\experiments\multi_agent_diversity\runs_disambiguation_v7_formal_3seed_0d6093e\disambiguation_qa\shared_vote_error_pareto_tcs_residual_cycle_guard_seed42,disambiguation_qa,shared_vote_error_pareto_tcs_residual_cycle_guard,42,3,1,1,1.0,b5a173b7c570bcba287a93de26d72949b641367cb3a9b478125130551ac3b82a,dcdf9ebfaab61f324e58850feff6256592c00ff6d4e203617098c2bdb5c4f929,2,0.28205128205128205,0.28205128205128205,0.28205128205128205,0.28205128205128205,0,0.0,0.28205128205128205,0.28205128205128205,1.0,0,
runs_disambiguation_v7_formal_3seed_0d6093e,D:\myx\grade_one\experiments\multi_agent_diversity\runs_disambiguation_v7_formal_3seed_0d6093e\disambiguation_qa\shared_vote_error_pareto_tcs_residual_cycle_guard_seed42,disambiguation_qa,shared_vote_error_pareto_tcs_residual_cycle_guard,42,4,2,1,0.5,b5a173b7c570bcba287a93de26d72949b641367cb3a9b478125130551ac3b82a,f427c0b7618f4a93ef0f84b421daee060b1b8f8ad14506045bfc76478b452a93,2,0.22448979591836737,0.22448979591836737,0.22448979591836737,0.22448979591836737,0,0.0,0.22448979591836737,0.22448979591836737,1.0,0,
