probe_kind,model,agent_id,target_label,target_major_label,n,exact_hit_rate,primary_exact_hit_rate,secondary_exact_hit_rate,same_major_primary_hit_rate,same_major_any_hit_rate,agent_answer_acc,top_primary,top_primary_share,top_secondary,top_secondary_share,top_primary_major,top_primary_major_share,primary_counts_json,secondary_counts_json
mixed,deepseek-chat,0,distractor_elimination,mmlu_option_semantics,100,0.22,0.04,0.18,0.45,0.49,0.89,decomposition,0.37,decomposition,0.35,mmlu_option_semantics,0.44,"{""decomposition"": 37, ""option_contrast"": 34, ""case_analysis"": 7, ""concept_definition_match"": 5, ""algebraic_derivation"": 4, ""distractor_elimination"": 4, ""causal_mechanism_reasoning"": 4, ""counterexample_search"": 1, ""quantitative_formula_application"": 1, ""option_contradiction_check"": 1, ""proof_by_contradiction"": 1, ""equation_solving"": 1}","{""decomposition"": 35, ""option_contrast"": 21, ""distractor_elimination"": 18, ""case_analysis"": 6, ""equation_solving"": 5, ""concept_definition_match"": 5, ""answer_to_stem_backward_check"": 4, ""consistency_verification"": 3, ""option_contradiction_check"": 1, ""exhaustive_enumeration"": 1, ""causal_mechanism_reasoning"": 1}"
mixed,deepseek-chat,1,rule_or_principle_application,mmlu_domain_reasoning,100,0.15,0.14,0.05,0.34,0.34,0.91,concept_definition_match,0.22,option_contrast,0.26,mmlu_option_semantics,0.45,"{""concept_definition_match"": 22, ""option_contrast"": 17, ""causal_mechanism_reasoning"": 15, ""rule_or_principle_application"": 14, ""algebraic_derivation"": 7, ""decomposition"": 5, ""distractor_elimination"": 4, ""symbolic_formulation"": 3, ""case_analysis"": 2, ""equation_solving"": 2, ""quantitative_formula_application"": 2, ""option_contradiction_check"": 2, ""statistical_method_reasoning"": 1, ""proof_by_contradiction"": 1, ""consistency_verification"": 1, ""ethical_reasoning"": 1, ""historical_context_reasoning"": 1}","{""option_contrast"": 26, ""concept_definition_match"": 21, ""distractor_elimination"": 11, ""equation_solving"": 8, ""rule_or_principle_application"": 5, ""option_contradiction_check"": 4, ""direct_computation"": 4, ""decomposition"": 3, ""historical_context_reasoning"": 3, ""consistency_verification"": 3, ""case_analysis"": 3, ""answer_to_stem_backward_check"": 3, ""symbolic_formulation"": 2, ""causal_mechanism_reasoning"": 2, ""algebraic_derivation"": 1, ""ethical_reasoning"": 1}"
mixed,deepseek-chat,2,decomposition,representation_formalization,100,0.78,0.78,0.72,0.78,0.79,0.88,decomposition,0.78,decomposition,0.72,representation_formalization,0.78,"{""decomposition"": 78, ""option_contrast"": 5, ""algebraic_derivation"": 4, ""case_analysis"": 4, ""equation_solving"": 2, ""causal_mechanism_reasoning"": 2, ""counterexample_search"": 1, ""proof_by_contradiction"": 1, ""concept_definition_match"": 1, ""constraint_propagation"": 1, ""distractor_elimination"": 1}","{""decomposition"": 72, ""equation_solving"": 7, ""option_contrast"": 6, ""distractor_elimination"": 5, ""case_analysis"": 3, ""rule_or_principle_application"": 1, ""consistency_verification"": 1, ""symbolic_formulation"": 1, ""answer_to_stem_backward_check"": 1, ""option_contradiction_check"": 1, ""constraint_propagation"": 1, ""historical_context_reasoning"": 1}"
mixed,deepseek-chat,3,case_analysis,logical_proof,100,0.15,0.15,0.12,0.18,0.19,0.91,decomposition,0.4,decomposition,0.39,representation_formalization,0.42,"{""decomposition"": 40, ""option_contrast"": 19, ""case_analysis"": 15, ""algebraic_derivation"": 6, ""causal_mechanism_reasoning"": 5, ""concept_definition_match"": 3, ""option_contradiction_check"": 2, ""symbolic_formulation"": 2, ""counterexample_search"": 1, ""direct_computation"": 1, ""rule_or_principle_application"": 1, ""proof_by_contradiction"": 1, ""consistency_verification"": 1, ""equation_solving"": 1, ""distractor_elimination"": 1, ""scientific_model_reasoning"": 1}","{""decomposition"": 39, ""option_contrast"": 14, ""distractor_elimination"": 13, ""case_analysis"": 12, ""equation_solving"": 8, ""concept_definition_match"": 5, ""consistency_verification"": 4, ""answer_to_stem_backward_check"": 1, ""causal_mechanism_reasoning"": 1, ""direct_computation"": 1, ""option_contradiction_check"": 1, ""symbolic_formulation"": 1}"
mixed,deepseek-chat,4,edge_case_analysis,optimization_boundary_meta,100,0.07,0.03,0.05,0.07,0.07,0.9,option_contrast,0.35,decomposition,0.23,mmlu_option_semantics,0.46,"{""option_contrast"": 35, ""decomposition"": 25, ""causal_mechanism_reasoning"": 9, ""concept_definition_match"": 8, ""case_analysis"": 6, ""algebraic_derivation"": 5, ""edge_case_analysis"": 3, ""distractor_elimination"": 2, ""symbolic_formulation"": 2, ""counterexample_search"": 1, ""constraint_propagation"": 1, ""option_contradiction_check"": 1, ""proof_by_contradiction"": 1, ""equation_solving"": 1}","{""decomposition"": 23, ""option_contrast"": 20, ""distractor_elimination"": 16, ""answer_to_stem_backward_check"": 8, ""concept_definition_match"": 6, ""equation_solving"": 6, ""edge_case_analysis"": 5, ""case_analysis"": 4, ""constraint_propagation"": 3, ""causal_mechanism_reasoning"": 3, ""consistency_verification"": 2, ""option_contradiction_check"": 2, ""exhaustive_enumeration"": 1, ""symbolic_formulation"": 1}"
mixed,gemini-2.5-flash-lite,0,distractor_elimination,mmlu_option_semantics,100,0.05,0.01,0.04,0.66,0.77,0.7,option_contrast,0.54,option_contrast,0.52,mmlu_option_semantics,0.66,"{""option_contrast"": 54, ""concept_definition_match"": 8, ""algebraic_derivation"": 6, ""case_analysis"": 6, ""causal_mechanism_reasoning"": 6, ""rule_or_principle_application"": 4, ""equation_solving"": 4, ""option_contradiction_check"": 3, ""symbolic_formulation"": 2, ""quantitative_formula_application"": 2, ""distractor_elimination"": 1, ""decomposition"": 1, ""direct_computation"": 1, ""recursive_reasoning"": 1, ""historical_context_reasoning"": 1}","{""option_contrast"": 52, ""answer_to_stem_backward_check"": 14, ""equation_solving"": 7, ""concept_definition_match"": 4, ""distractor_elimination"": 4, ""direct_computation"": 4, ""exhaustive_enumeration"": 3, ""case_analysis"": 3, ""decomposition"": 2, ""consistency_verification"": 2, ""option_contradiction_check"": 2, ""algebraic_derivation"": 1, ""counterexample_search"": 1, ""causal_mechanism_reasoning"": 1}"
mixed,gemini-2.5-flash-lite,1,rule_or_principle_application,mmlu_domain_reasoning,100,0.1,0.1,0.04,0.28,0.28,0.81,option_contrast,0.48,option_contrast,0.43,mmlu_option_semantics,0.55,"{""option_contrast"": 48, ""causal_mechanism_reasoning"": 12, ""rule_or_principle_application"": 10, ""algebraic_derivation"": 7, ""concept_definition_match"": 7, ""equation_solving"": 3, ""quantitative_formula_application"": 3, ""case_analysis"": 2, ""decomposition"": 2, ""proof_by_contradiction"": 2, ""scientific_model_reasoning"": 1, ""symbolic_formulation"": 1, ""ethical_reasoning"": 1, ""historical_context_reasoning"": 1}","{""option_contrast"": 43, ""answer_to_stem_backward_check"": 11, ""equation_solving"": 8, ""distractor_elimination"": 7, ""concept_definition_match"": 7, ""rule_or_principle_application"": 4, ""algebraic_derivation"": 4, ""option_contradiction_check"": 4, ""decomposition"": 2, ""direct_computation"": 2, ""quantitative_formula_application"": 1, ""causal_mechanism_reasoning"": 1, ""counterexample_search"": 1, ""consistency_verification"": 1, ""case_analysis"": 1, ""ethical_reasoning"": 1, ""temporal_sequential_reasoning"": 1, ""stem_evidence_alignment"": 1}"
mixed,gemini-2.5-flash-lite,2,decomposition,representation_formalization,100,0.09,0.09,0.08,0.1,0.1,0.74,option_contrast,0.53,option_contrast,0.46,mmlu_option_semantics,0.62,"{""option_contrast"": 53, ""decomposition"": 9, ""concept_definition_match"": 8, ""equation_solving"": 6, ""algebraic_derivation"": 6, ""case_analysis"": 4, ""causal_mechanism_reasoning"": 3, ""rule_or_principle_application"": 3, ""quantitative_formula_application"": 2, ""direct_computation"": 1, ""option_contradiction_check"": 1, ""recursive_reasoning"": 1, ""counterexample_search"": 1, ""symbolic_formulation"": 1, ""historical_context_reasoning"": 1}","{""option_contrast"": 46, ""answer_to_stem_backward_check"": 14, ""decomposition"": 8, ""distractor_elimination"": 8, ""equation_solving"": 8, ""concept_definition_match"": 3, ""option_contradiction_check"": 2, ""case_analysis"": 2, ""direct_computation"": 2, ""algebraic_derivation"": 1, ""exhaustive_enumeration"": 1, ""causal_mechanism_reasoning"": 1, ""rule_or_principle_application"": 1, ""counterexample_search"": 1, ""negation_exception_handling"": 1, ""quantitative_formula_application"": 1}"
mixed,gemini-2.5-flash-lite,3,case_analysis,logical_proof,100,0.09,0.06,0.06,0.1,0.1,0.75,option_contrast,0.59,option_contrast,0.38,mmlu_option_semantics,0.64,"{""option_contrast"": 59, ""algebraic_derivation"": 7, ""case_analysis"": 6, ""causal_mechanism_reasoning"": 5, ""equation_solving"": 4, ""concept_definition_match"": 4, ""decomposition"": 3, ""rule_or_principle_application"": 3, ""proof_by_contradiction"": 2, ""quantitative_formula_application"": 2, ""direct_computation"": 1, ""option_contradiction_check"": 1, ""counterexample_search"": 1, ""symbolic_formulation"": 1, ""historical_context_reasoning"": 1}","{""option_contrast"": 38, ""answer_to_stem_backward_check"": 20, ""distractor_elimination"": 10, ""equation_solving"": 7, ""case_analysis"": 6, ""concept_definition_match"": 3, ""decomposition"": 3, ""direct_computation"": 3, ""option_contradiction_check"": 3, ""algebraic_derivation"": 2, ""causal_mechanism_reasoning"": 1, ""consistency_verification"": 1, ""negation_exception_handling"": 1, ""rule_or_principle_application"": 1, ""historical_context_reasoning"": 1}"
mixed,gemini-2.5-flash-lite,4,edge_case_analysis,optimization_boundary_meta,100,0.01,0.0,0.01,0.01,0.01,0.77,option_contrast,0.57,option_contrast,0.43,mmlu_option_semantics,0.67,"{""option_contrast"": 57, ""concept_definition_match"": 10, ""algebraic_derivation"": 6, ""case_analysis"": 5, ""causal_mechanism_reasoning"": 5, ""quantitative_formula_application"": 4, ""equation_solving"": 3, ""symbolic_formulation"": 2, ""decomposition"": 2, ""rule_or_principle_application"": 2, ""direct_computation"": 1, ""proof_by_contradiction"": 1, ""counterexample_search"": 1, ""historical_context_reasoning"": 1}","{""option_contrast"": 43, ""answer_to_stem_backward_check"": 22, ""distractor_elimination"": 8, ""equation_solving"": 6, ""direct_computation"": 4, ""algebraic_derivation"": 3, ""concept_definition_match"": 3, ""decomposition"": 2, ""case_analysis"": 2, ""quantitative_formula_application"": 1, ""exhaustive_enumeration"": 1, ""edge_case_analysis"": 1, ""consistency_verification"": 1, ""symbolic_formulation"": 1, ""temporal_sequential_reasoning"": 1, ""constraint_propagation"": 1}"
mixed,gpt-4o-mini,0,distractor_elimination,mmlu_option_semantics,100,0.29,0.01,0.28,0.7,0.78,0.86,option_contrast,0.66,option_contrast,0.4,mmlu_option_semantics,0.7,"{""option_contrast"": 66, ""equation_solving"": 5, ""algebraic_derivation"": 5, ""case_analysis"": 4, ""causal_mechanism_reasoning"": 4, ""rule_or_principle_application"": 3, ""concept_definition_match"": 2, ""symbolic_formulation"": 2, ""historical_context_reasoning"": 2, ""counterexample_search"": 1, ""option_contradiction_check"": 1, ""exhaustive_enumeration"": 1, ""ethical_reasoning"": 1, ""example_counterexample_reasoning"": 1, ""quantitative_formula_application"": 1, ""distractor_elimination"": 1}","{""option_contrast"": 40, ""distractor_elimination"": 28, ""answer_to_stem_backward_check"": 7, ""direct_computation"": 5, ""equation_solving"": 5, ""case_analysis"": 4, ""concept_definition_match"": 3, ""algebraic_derivation"": 2, ""causal_mechanism_reasoning"": 1, ""symbolic_formulation"": 1, ""ethical_reasoning"": 1, ""example_counterexample_reasoning"": 1, ""rule_or_principle_application"": 1, ""historical_context_reasoning"": 1}"
mixed,gpt-4o-mini,1,rule_or_principle_application,mmlu_domain_reasoning,100,0.16,0.15,0.06,0.29,0.29,0.83,option_contrast,0.36,option_contrast,0.23,mmlu_option_semantics,0.56,"{""option_contrast"": 36, ""concept_definition_match"": 19, ""rule_or_principle_application"": 15, ""causal_mechanism_reasoning"": 8, ""equation_solving"": 4, ""algebraic_derivation"": 4, ""case_analysis"": 3, ""quantitative_formula_application"": 3, ""symbolic_formulation"": 2, ""historical_context_reasoning"": 2, ""ethical_reasoning"": 1, ""counterexample_search"": 1, ""exhaustive_enumeration"": 1, ""distractor_elimination"": 1}","{""option_contrast"": 23, ""distractor_elimination"": 21, ""concept_definition_match"": 16, ""answer_to_stem_backward_check"": 10, ""rule_or_principle_application"": 6, ""direct_computation"": 5, ""consistency_verification"": 3, ""algebraic_derivation"": 3, ""option_contradiction_check"": 3, ""equation_solving"": 3, ""case_analysis"": 2, ""historical_context_reasoning"": 2, ""symbolic_formulation"": 1, ""ethical_reasoning"": 1, ""exhaustive_enumeration"": 1}"
mixed,gpt-4o-mini,2,decomposition,representation_formalization,100,0.08,0.07,0.08,0.09,0.09,0.82,option_contrast,0.46,option_contrast,0.51,mmlu_option_semantics,0.55,"{""option_contrast"": 46, ""case_analysis"": 11, ""concept_definition_match"": 9, ""decomposition"": 7, ""causal_mechanism_reasoning"": 6, ""equation_solving"": 4, ""algebraic_derivation"": 4, ""historical_context_reasoning"": 3, ""quantitative_formula_application"": 3, ""rule_or_principle_application"": 2, ""direct_computation"": 1, ""counterexample_search"": 1, ""exhaustive_enumeration"": 1, ""symbolic_formulation"": 1, ""constraint_propagation"": 1}","{""option_contrast"": 51, ""distractor_elimination"": 12, ""case_analysis"": 11, ""decomposition"": 8, ""concept_definition_match"": 6, ""equation_solving"": 5, ""direct_computation"": 4, ""consistency_verification"": 1, ""exhaustive_enumeration"": 1, ""answer_to_stem_backward_check"": 1}"
mixed,gpt-4o-mini,3,case_analysis,logical_proof,100,0.15,0.14,0.12,0.17,0.17,0.85,option_contrast,0.6,option_contrast,0.44,mmlu_option_semantics,0.63,"{""option_contrast"": 60, ""case_analysis"": 14, ""equation_solving"": 6, ""decomposition"": 4, ""concept_definition_match"": 3, ""algebraic_derivation"": 3, ""rule_or_principle_application"": 3, ""causal_mechanism_reasoning"": 2, ""counterexample_search"": 1, ""exhaustive_enumeration"": 1, ""proof_by_contradiction"": 1, ""symbolic_formulation"": 1, ""historical_context_reasoning"": 1}","{""option_contrast"": 44, ""distractor_elimination"": 20, ""case_analysis"": 12, ""answer_to_stem_backward_check"": 5, ""direct_computation"": 4, ""equation_solving"": 4, ""decomposition"": 3, ""concept_definition_match"": 2, ""symbolic_formulation"": 2, ""algebraic_derivation"": 1, ""exhaustive_enumeration"": 1, ""consistency_verification"": 1, ""rule_or_principle_application"": 1}"
mixed,gpt-4o-mini,4,edge_case_analysis,optimization_boundary_meta,100,0.0,0.0,0.0,0.0,0.0,0.86,option_contrast,0.6,option_contrast,0.34,mmlu_option_semantics,0.67,"{""option_contrast"": 60, ""concept_definition_match"": 6, ""causal_mechanism_reasoning"": 6, ""case_analysis"": 6, ""rule_or_principle_application"": 4, ""quantitative_formula_application"": 3, ""algebraic_derivation"": 3, ""equation_solving"": 3, ""historical_context_reasoning"": 2, ""ethical_reasoning"": 2, ""counterexample_search"": 1, ""distractor_elimination"": 1, ""exhaustive_enumeration"": 1, ""symbolic_formulation"": 1, ""combinatorial_counting"": 1}","{""option_contrast"": 34, ""distractor_elimination"": 29, ""answer_to_stem_backward_check"": 9, ""case_analysis"": 7, ""concept_definition_match"": 6, ""direct_computation"": 4, ""equation_solving"": 3, ""ethical_reasoning"": 2, ""causal_mechanism_reasoning"": 1, ""exhaustive_enumeration"": 1, ""combinatorial_counting"": 1, ""rule_or_principle_application"": 1, ""historical_context_reasoning"": 1, ""option_contradiction_check"": 1}"
mixed,qwen2.5-7b-instruct,0,distractor_elimination,mmlu_option_semantics,100,0.35,0.19,0.27,0.67,0.72,0.75,option_contrast,0.28,distractor_elimination,0.27,mmlu_option_semantics,0.67,"{""option_contrast"": 28, ""distractor_elimination"": 19, ""concept_definition_match"": 14, ""algebraic_derivation"": 6, ""answer_to_stem_backward_check"": 6, ""causal_mechanism_reasoning"": 6, ""rule_or_principle_application"": 4, ""case_analysis"": 3, ""equation_solving"": 3, ""decomposition"": 2, ""symbolic_formulation"": 2, ""direct_computation"": 1, ""ethical_reasoning"": 1, ""proof_by_contradiction"": 1, ""consistency_verification"": 1, ""historical_context_reasoning"": 1, ""exhaustive_enumeration"": 1, ""quantitative_formula_application"": 1}","{""distractor_elimination"": 27, ""option_contrast"": 26, ""answer_to_stem_backward_check"": 9, ""equation_solving"": 7, ""concept_definition_match"": 7, ""case_analysis"": 5, ""option_contradiction_check"": 3, ""direct_computation"": 3, ""rule_or_principle_application"": 3, ""decomposition"": 2, ""consistency_verification"": 2, ""ethical_reasoning"": 1, ""symbolic_formulation"": 1, ""causal_mechanism_reasoning"": 1, ""historical_context_reasoning"": 1, ""algebraic_derivation"": 1, ""exhaustive_enumeration"": 1}"
mixed,qwen2.5-7b-instruct,1,rule_or_principle_application,mmlu_domain_reasoning,100,0.26,0.26,0.14,0.45,0.45,0.79,rule_or_principle_application,0.26,concept_definition_match,0.27,mmlu_domain_reasoning,0.45,"{""rule_or_principle_application"": 26, ""concept_definition_match"": 24, ""causal_mechanism_reasoning"": 15, ""option_contrast"": 12, ""algebraic_derivation"": 5, ""equation_solving"": 3, ""historical_context_reasoning"": 2, ""quantitative_formula_application"": 2, ""answer_to_stem_backward_check"": 2, ""distractor_elimination"": 2, ""combinatorial_counting"": 1, ""option_contradiction_check"": 1, ""case_analysis"": 1, ""counterexample_search"": 1, ""negation_exception_handling"": 1, ""consistency_verification"": 1, ""symbolic_formulation"": 1}","{""concept_definition_match"": 27, ""option_contrast"": 22, ""rule_or_principle_application"": 14, ""answer_to_stem_backward_check"": 7, ""equation_solving"": 7, ""distractor_elimination"": 5, ""option_contradiction_check"": 4, ""consistency_verification"": 3, ""algebraic_derivation"": 2, ""quantitative_formula_application"": 2, ""symbolic_formulation"": 1, ""case_analysis"": 1, ""negation_exception_handling"": 1, ""causal_mechanism_reasoning"": 1, ""example_counterexample_reasoning"": 1, ""historical_context_reasoning"": 1, ""direct_computation"": 1}"
mixed,qwen2.5-7b-instruct,2,decomposition,representation_formalization,100,0.54,0.54,0.5,0.57,0.57,0.8,decomposition,0.54,decomposition,0.5,representation_formalization,0.57,"{""decomposition"": 54, ""option_contrast"": 14, ""concept_definition_match"": 8, ""case_analysis"": 6, ""causal_mechanism_reasoning"": 3, ""equation_solving"": 3, ""algebraic_derivation"": 3, ""symbolic_formulation"": 3, ""historical_context_reasoning"": 2, ""quantitative_formula_application"": 1, ""direct_computation"": 1, ""proof_by_contradiction"": 1, ""rule_or_principle_application"": 1}","{""decomposition"": 50, ""option_contrast"": 15, ""case_analysis"": 9, ""symbolic_formulation"": 5, ""concept_definition_match"": 4, ""direct_computation"": 4, ""algebraic_derivation"": 3, ""distractor_elimination"": 3, ""equation_solving"": 3, ""answer_to_stem_backward_check"": 2, ""consistency_verification"": 1, ""historical_context_reasoning"": 1}"
mixed,qwen2.5-7b-instruct,3,case_analysis,logical_proof,100,0.08,0.07,0.08,0.08,0.09,0.8,option_contrast,0.4,option_contrast,0.31,mmlu_option_semantics,0.57,"{""option_contrast"": 40, ""concept_definition_match"": 15, ""causal_mechanism_reasoning"": 13, ""case_analysis"": 7, ""algebraic_derivation"": 6, ""equation_solving"": 4, ""rule_or_principle_application"": 3, ""decomposition"": 2, ""historical_context_reasoning"": 2, ""symbolic_formulation"": 2, ""answer_to_stem_backward_check"": 2, ""direct_computation"": 1, ""ethical_reasoning"": 1, ""proof_by_contradiction"": 1, ""quantitative_formula_application"": 1}","{""option_contrast"": 31, ""distractor_elimination"": 15, ""concept_definition_match"": 11, ""equation_solving"": 8, ""case_analysis"": 8, ""answer_to_stem_backward_check"": 7, ""option_contradiction_check"": 4, ""direct_computation"": 4, ""decomposition"": 3, ""causal_mechanism_reasoning"": 3, ""historical_context_reasoning"": 2, ""algebraic_derivation"": 1, ""ethical_reasoning"": 1, ""consistency_verification"": 1, ""temporal_sequential_reasoning"": 1}"
mixed,qwen2.5-7b-instruct,4,edge_case_analysis,optimization_boundary_meta,100,0.13,0.09,0.11,0.13,0.13,0.76,option_contrast,0.33,option_contrast,0.23,mmlu_option_semantics,0.57,"{""option_contrast"": 33, ""concept_definition_match"": 11, ""edge_case_analysis"": 9, ""causal_mechanism_reasoning"": 9, ""answer_to_stem_backward_check"": 9, ""algebraic_derivation"": 6, ""case_analysis"": 6, ""rule_or_principle_application"": 3, ""equation_solving"": 3, ""option_contradiction_check"": 2, ""quantitative_formula_application"": 2, ""symbolic_formulation"": 2, ""distractor_elimination"": 2, ""decomposition"": 1, ""direct_computation"": 1, ""counterexample_search"": 1}","{""option_contrast"": 23, ""answer_to_stem_backward_check"": 15, ""distractor_elimination"": 13, ""concept_definition_match"": 11, ""edge_case_analysis"": 11, ""case_analysis"": 9, ""equation_solving"": 8, ""option_contradiction_check"": 3, ""direct_computation"": 2, ""rule_or_principle_application"": 2, ""decomposition"": 1, ""algebraic_derivation"": 1, ""temporal_sequential_reasoning"": 1}"
same,deepseek-chat,0,distractor_elimination|option_contrast,mmlu_option_semantics,100,0.53,0.49,0.46,0.55,0.59,0.89,option_contrast,0.46,option_contrast,0.26,mmlu_option_semantics,0.54,"{""option_contrast"": 46, ""decomposition"": 20, ""case_analysis"": 7, ""algebraic_derivation"": 6, ""causal_mechanism_reasoning"": 5, ""concept_definition_match"": 4, ""distractor_elimination"": 3, ""historical_context_reasoning"": 2, ""option_contradiction_check"": 1, ""counterexample_search"": 1, ""quantitative_formula_application"": 1, ""rule_or_principle_application"": 1, ""proof_by_contradiction"": 1, ""symbolic_formulation"": 1, ""equation_solving"": 1}","{""option_contrast"": 26, ""distractor_elimination"": 20, ""decomposition"": 19, ""equation_solving"": 8, ""answer_to_stem_backward_check"": 7, ""concept_definition_match"": 5, ""case_analysis"": 5, ""consistency_verification"": 4, ""causal_mechanism_reasoning"": 2, ""option_contradiction_check"": 1, ""algebraic_derivation"": 1, ""exhaustive_enumeration"": 1, ""historical_context_reasoning"": 1}"
same,deepseek-chat,1,distractor_elimination|option_contrast,mmlu_option_semantics,100,0.45,0.37,0.41,0.45,0.48,0.9,decomposition,0.41,decomposition,0.4,representation_formalization,0.42,"{""decomposition"": 41, ""option_contrast"": 34, ""case_analysis"": 9, ""algebraic_derivation"": 5, ""distractor_elimination"": 3, ""concept_definition_match"": 2, ""counterexample_search"": 1, ""causal_mechanism_reasoning"": 1, ""rule_or_principle_application"": 1, ""proof_by_contradiction"": 1, ""symbolic_formulation"": 1, ""equation_solving"": 1}","{""decomposition"": 40, ""option_contrast"": 23, ""distractor_elimination"": 18, ""equation_solving"": 6, ""answer_to_stem_backward_check"": 5, ""case_analysis"": 3, ""proof_by_contradiction"": 1, ""concept_definition_match"": 1, ""option_contradiction_check"": 1, ""symbolic_formulation"": 1, ""exhaustive_enumeration"": 1}"
same,deepseek-chat,2,distractor_elimination|option_contrast|option_contradiction_check,mmlu_option_semantics,100,0.54,0.47,0.49,0.58,0.6,0.92,option_contrast,0.44,option_contrast,0.28,mmlu_option_semantics,0.54,"{""option_contrast"": 44, ""decomposition"": 21, ""concept_definition_match"": 7, ""case_analysis"": 6, ""algebraic_derivation"": 6, ""causal_mechanism_reasoning"": 6, ""distractor_elimination"": 3, ""symbolic_formulation"": 2, ""counterexample_search"": 1, ""rule_or_principle_application"": 1, ""proof_by_contradiction"": 1, ""consistency_verification"": 1, ""equation_solving"": 1}","{""option_contrast"": 28, ""decomposition"": 20, ""distractor_elimination"": 18, ""equation_solving"": 7, ""case_analysis"": 6, ""concept_definition_match"": 6, ""answer_to_stem_backward_check"": 5, ""option_contradiction_check"": 3, ""symbolic_formulation"": 2, ""consistency_verification"": 2, ""proof_by_contradiction"": 1, ""rule_or_principle_application"": 1, ""historical_context_reasoning"": 1}"
same,deepseek-chat,3,distractor_elimination|option_contrast,mmlu_option_semantics,100,0.49,0.45,0.37,0.5,0.55,0.88,option_contrast,0.43,decomposition,0.31,mmlu_option_semantics,0.49,"{""option_contrast"": 43, ""decomposition"": 33, ""case_analysis"": 6, ""algebraic_derivation"": 4, ""rule_or_principle_application"": 2, ""option_contradiction_check"": 2, ""concept_definition_match"": 2, ""distractor_elimination"": 2, ""counterexample_search"": 1, ""proof_by_contradiction"": 1, ""consistency_verification"": 1, ""causal_mechanism_reasoning"": 1, ""quantitative_formula_application"": 1, ""equation_solving"": 1}","{""decomposition"": 31, ""option_contrast"": 22, ""distractor_elimination"": 15, ""answer_to_stem_backward_check"": 12, ""equation_solving"": 6, ""option_contradiction_check"": 4, ""case_analysis"": 4, ""proof_by_contradiction"": 1, ""algebraic_derivation"": 1, ""rule_or_principle_application"": 1, ""consistency_verification"": 1, ""concept_definition_match"": 1, ""quantitative_formula_application"": 1}"
same,deepseek-chat,4,distractor_elimination|option_contrast,mmlu_option_semantics,100,0.61,0.56,0.52,0.62,0.64,0.9,option_contrast,0.54,option_contrast,0.28,mmlu_option_semantics,0.59,"{""option_contrast"": 54, ""decomposition"": 20, ""algebraic_derivation"": 6, ""case_analysis"": 6, ""concept_definition_match"": 2, ""rule_or_principle_application"": 2, ""proof_by_contradiction"": 2, ""distractor_elimination"": 2, ""example_counterexample_reasoning"": 1, ""causal_mechanism_reasoning"": 1, ""option_contradiction_check"": 1, ""symbolic_formulation"": 1, ""causal_reasoning"": 1, ""equation_solving"": 1}","{""option_contrast"": 28, ""distractor_elimination"": 24, ""decomposition"": 18, ""answer_to_stem_backward_check"": 10, ""equation_solving"": 8, ""case_analysis"": 5, ""consistency_verification"": 3, ""concept_definition_match"": 2, ""symbolic_formulation"": 1, ""constraint_propagation"": 1}"
same,gemini-2.5-flash-lite,0,distractor_elimination|option_contrast,mmlu_option_semantics,100,0.74,0.65,0.56,0.74,0.76,0.75,option_contrast,0.65,option_contrast,0.48,mmlu_option_semantics,0.7,"{""option_contrast"": 65, ""algebraic_derivation"": 6, ""concept_definition_match"": 5, ""equation_solving"": 4, ""case_analysis"": 4, ""rule_or_principle_application"": 3, ""decomposition"": 3, ""causal_mechanism_reasoning"": 3, ""quantitative_formula_application"": 2, ""counterexample_search"": 1, ""direct_computation"": 1, ""proof_by_contradiction"": 1, ""symbolic_formulation"": 1, ""historical_context_reasoning"": 1}","{""option_contrast"": 48, ""answer_to_stem_backward_check"": 19, ""distractor_elimination"": 8, ""equation_solving"": 7, ""decomposition"": 4, ""direct_computation"": 4, ""case_analysis"": 3, ""concept_definition_match"": 1, ""proof_by_contradiction"": 1, ""causal_mechanism_reasoning"": 1, ""consistency_verification"": 1, ""exhaustive_enumeration"": 1, ""symbolic_formulation"": 1, ""rule_or_principle_application"": 1}"
same,gemini-2.5-flash-lite,1,distractor_elimination|option_contrast,mmlu_option_semantics,100,0.71,0.57,0.54,0.73,0.77,0.77,option_contrast,0.57,option_contrast,0.47,mmlu_option_semantics,0.65,"{""option_contrast"": 57, ""concept_definition_match"": 8, ""algebraic_derivation"": 7, ""decomposition"": 6, ""causal_mechanism_reasoning"": 5, ""rule_or_principle_application"": 5, ""quantitative_formula_application"": 3, ""equation_solving"": 3, ""case_analysis"": 2, ""proof_by_contradiction"": 1, ""counterexample_search"": 1, ""symbolic_formulation"": 1, ""causal_reasoning"": 1}","{""option_contrast"": 47, ""answer_to_stem_backward_check"": 18, ""equation_solving"": 8, ""distractor_elimination"": 7, ""decomposition"": 5, ""direct_computation"": 4, ""concept_definition_match"": 4, ""case_analysis"": 2, ""exhaustive_enumeration"": 1, ""symbolic_formulation"": 1, ""rule_or_principle_application"": 1, ""counterexample_search"": 1, ""negation_exception_handling"": 1}"
same,gemini-2.5-flash-lite,2,distractor_elimination|option_contrast|option_contradiction_check,mmlu_option_semantics,100,0.75,0.62,0.56,0.76,0.79,0.78,option_contrast,0.61,option_contrast,0.44,mmlu_option_semantics,0.69,"{""option_contrast"": 61, ""concept_definition_match"": 7, ""algebraic_derivation"": 6, ""decomposition"": 5, ""causal_mechanism_reasoning"": 5, ""rule_or_principle_application"": 4, ""equation_solving"": 3, ""case_analysis"": 2, ""quantitative_formula_application"": 2, ""option_contradiction_check"": 1, ""causal_reasoning"": 1, ""proof_by_contradiction"": 1, ""counterexample_search"": 1, ""symbolic_formulation"": 1}","{""option_contrast"": 44, ""answer_to_stem_backward_check"": 20, ""distractor_elimination"": 9, ""equation_solving"": 7, ""decomposition"": 3, ""direct_computation"": 3, ""option_contradiction_check"": 3, ""algebraic_derivation"": 2, ""concept_definition_match"": 2, ""rule_or_principle_application"": 2, ""exhaustive_enumeration"": 1, ""counterexample_search"": 1, ""case_analysis"": 1, ""negation_exception_handling"": 1, ""constraint_propagation"": 1}"
same,gemini-2.5-flash-lite,3,distractor_elimination|option_contrast,mmlu_option_semantics,100,0.76,0.61,0.55,0.78,0.82,0.76,option_contrast,0.61,option_contrast,0.47,mmlu_option_semantics,0.71,"{""option_contrast"": 61, ""concept_definition_match"": 9, ""algebraic_derivation"": 6, ""equation_solving"": 5, ""causal_mechanism_reasoning"": 5, ""rule_or_principle_application"": 4, ""decomposition"": 3, ""case_analysis"": 2, ""symbolic_formulation"": 2, ""option_contradiction_check"": 1, ""proof_by_contradiction"": 1, ""quantitative_formula_application"": 1}","{""option_contrast"": 47, ""answer_to_stem_backward_check"": 23, ""distractor_elimination"": 8, ""equation_solving"": 8, ""decomposition"": 3, ""direct_computation"": 3, ""exhaustive_enumeration"": 2, ""concept_definition_match"": 2, ""algebraic_derivation"": 1, ""option_contradiction_check"": 1, ""rule_or_principle_application"": 1, ""case_analysis"": 1}"
same,gemini-2.5-flash-lite,4,distractor_elimination|option_contrast,mmlu_option_semantics,100,0.71,0.6,0.54,0.72,0.76,0.73,option_contrast,0.6,option_contrast,0.48,mmlu_option_semantics,0.65,"{""option_contrast"": 60, ""algebraic_derivation"": 7, ""causal_mechanism_reasoning"": 7, ""concept_definition_match"": 5, ""case_analysis"": 4, ""equation_solving"": 4, ""rule_or_principle_application"": 4, ""symbolic_formulation"": 2, ""decomposition"": 2, ""quantitative_formula_application"": 2, ""ethical_reasoning"": 1, ""proof_by_contradiction"": 1, ""historical_context_reasoning"": 1}","{""option_contrast"": 48, ""answer_to_stem_backward_check"": 18, ""equation_solving"": 9, ""distractor_elimination"": 6, ""concept_definition_match"": 4, ""decomposition"": 3, ""direct_computation"": 3, ""algebraic_derivation"": 1, ""ethical_reasoning"": 1, ""case_analysis"": 1, ""causal_mechanism_reasoning"": 1, ""counterexample_search"": 1, ""exhaustive_enumeration"": 1, ""rule_or_principle_application"": 1, ""consistency_verification"": 1, ""constraint_propagation"": 1}"
same,gpt-4o-mini,0,distractor_elimination|option_contrast,mmlu_option_semantics,100,0.78,0.75,0.74,0.79,0.79,0.86,option_contrast,0.72,option_contrast,0.54,mmlu_option_semantics,0.76,"{""option_contrast"": 72, ""case_analysis"": 5, ""equation_solving"": 4, ""rule_or_principle_application"": 4, ""distractor_elimination"": 3, ""algebraic_derivation"": 3, ""quantitative_formula_application"": 2, ""concept_definition_match"": 1, ""assumption_analysis"": 1, ""ethical_reasoning"": 1, ""counterexample_search"": 1, ""exhaustive_enumeration"": 1, ""proof_by_contradiction"": 1, ""historical_context_reasoning"": 1}","{""option_contrast"": 54, ""distractor_elimination"": 20, ""case_analysis"": 7, ""direct_computation"": 5, ""answer_to_stem_backward_check"": 4, ""equation_solving"": 3, ""concept_definition_match"": 1, ""assumption_analysis"": 1, ""ethical_reasoning"": 1, ""exhaustive_enumeration"": 1, ""consistency_verification"": 1, ""rule_or_principle_application"": 1, ""historical_context_reasoning"": 1}"
same,gpt-4o-mini,1,distractor_elimination|option_contrast,mmlu_option_semantics,100,0.79,0.69,0.71,0.8,0.83,0.85,option_contrast,0.69,option_contrast,0.45,mmlu_option_semantics,0.73,"{""option_contrast"": 69, ""equation_solving"": 5, ""concept_definition_match"": 4, ""case_analysis"": 4, ""quantitative_formula_application"": 3, ""algebraic_derivation"": 3, ""historical_context_reasoning"": 3, ""causal_mechanism_reasoning"": 3, ""rule_or_principle_application"": 3, ""counterexample_search"": 1, ""exhaustive_enumeration"": 1, ""symbolic_formulation"": 1}","{""option_contrast"": 45, ""distractor_elimination"": 26, ""answer_to_stem_backward_check"": 8, ""direct_computation"": 4, ""equation_solving"": 4, ""concept_definition_match"": 3, ""algebraic_derivation"": 2, ""case_analysis"": 2, ""consistency_verification"": 1, ""example_counterexample_reasoning"": 1, ""option_contradiction_check"": 1, ""exhaustive_enumeration"": 1, ""causal_mechanism_reasoning"": 1, ""historical_context_reasoning"": 1}"
same,gpt-4o-mini,2,distractor_elimination|option_contrast|option_contradiction_check,mmlu_option_semantics,100,0.81,0.72,0.73,0.84,0.85,0.86,option_contrast,0.71,option_contrast,0.49,mmlu_option_semantics,0.79,"{""option_contrast"": 71, ""concept_definition_match"": 7, ""case_analysis"": 4, ""equation_solving"": 3, ""algebraic_derivation"": 3, ""symbolic_formulation"": 2, ""rule_or_principle_application"": 2, ""assumption_analysis"": 1, ""counterexample_search"": 1, ""option_contradiction_check"": 1, ""exhaustive_enumeration"": 1, ""example_counterexample_reasoning"": 1, ""causal_mechanism_reasoning"": 1, ""quantitative_formula_application"": 1, ""historical_context_reasoning"": 1}","{""option_contrast"": 49, ""distractor_elimination"": 23, ""answer_to_stem_backward_check"": 7, ""case_analysis"": 4, ""concept_definition_match"": 3, ""direct_computation"": 2, ""equation_solving"": 2, ""consistency_verification"": 1, ""assumption_analysis"": 1, ""symbolic_formulation"": 1, ""algebraic_derivation"": 1, ""option_contradiction_check"": 1, ""exhaustive_enumeration"": 1, ""negation_exception_handling"": 1, ""example_counterexample_reasoning"": 1, ""causal_mechanism_reasoning"": 1, ""historical_context_reasoning"": 1}"
same,gpt-4o-mini,3,distractor_elimination|option_contrast,mmlu_option_semantics,100,0.83,0.8,0.78,0.84,0.84,0.85,option_contrast,0.8,option_contrast,0.55,mmlu_option_semantics,0.81,"{""option_contrast"": 80, ""equation_solving"": 4, ""algebraic_derivation"": 4, ""case_analysis"": 3, ""concept_definition_match"": 1, ""assumption_analysis"": 1, ""counterexample_search"": 1, ""exhaustive_enumeration"": 1, ""rule_or_principle_application"": 1, ""approximation_bounding"": 1, ""ethical_reasoning"": 1, ""quantitative_formula_application"": 1, ""historical_context_reasoning"": 1}","{""option_contrast"": 55, ""distractor_elimination"": 23, ""answer_to_stem_backward_check"": 5, ""case_analysis"": 4, ""direct_computation"": 3, ""equation_solving"": 3, ""concept_definition_match"": 1, ""pattern_generalization"": 1, ""exhaustive_enumeration"": 1, ""algebraic_derivation"": 1, ""approximation_bounding"": 1, ""ethical_reasoning"": 1, ""historical_context_reasoning"": 1}"
same,gpt-4o-mini,4,distractor_elimination|option_contrast,mmlu_option_semantics,100,0.83,0.76,0.8,0.85,0.85,0.87,option_contrast,0.74,option_contrast,0.57,mmlu_option_semantics,0.82,"{""option_contrast"": 74, ""concept_definition_match"": 6, ""algebraic_derivation"": 4, ""quantitative_formula_application"": 3, ""equation_solving"": 3, ""case_analysis"": 2, ""rule_or_principle_application"": 2, ""distractor_elimination"": 2, ""assumption_analysis"": 1, ""counterexample_search"": 1, ""exhaustive_enumeration"": 1, ""historical_context_reasoning"": 1}","{""option_contrast"": 57, ""distractor_elimination"": 23, ""direct_computation"": 4, ""equation_solving"": 4, ""case_analysis"": 3, ""answer_to_stem_backward_check"": 3, ""concept_definition_match"": 2, ""assumption_analysis"": 1, ""exhaustive_enumeration"": 1, ""algebraic_derivation"": 1, ""historical_context_reasoning"": 1}"
same,qwen2.5-7b-instruct,0,distractor_elimination|option_contrast,mmlu_option_semantics,100,0.54,0.47,0.34,0.81,0.83,0.77,option_contrast,0.46,answer_to_stem_backward_check,0.3,mmlu_option_semantics,0.81,"{""option_contrast"": 46, ""answer_to_stem_backward_check"": 25, ""concept_definition_match"": 9, ""algebraic_derivation"": 5, ""equation_solving"": 3, ""causal_mechanism_reasoning"": 3, ""direct_computation"": 2, ""symbolic_formulation"": 2, ""case_analysis"": 1, ""assumption_analysis"": 1, ""rule_or_principle_application"": 1, ""counterexample_search"": 1, ""distractor_elimination"": 1}","{""answer_to_stem_backward_check"": 30, ""distractor_elimination"": 20, ""option_contradiction_check"": 16, ""option_contrast"": 14, ""equation_solving"": 7, ""direct_computation"": 4, ""case_analysis"": 3, ""concept_definition_match"": 3, ""symbolic_formulation"": 1, ""rule_or_principle_application"": 1, ""causal_mechanism_reasoning"": 1}"
same,qwen2.5-7b-instruct,1,distractor_elimination|option_contrast,mmlu_option_semantics,100,0.49,0.36,0.4,0.73,0.79,0.71,option_contrast,0.34,option_contrast,0.2,mmlu_option_semantics,0.71,"{""option_contrast"": 34, ""concept_definition_match"": 20, ""answer_to_stem_backward_check"": 15, ""causal_mechanism_reasoning"": 7, ""algebraic_derivation"": 6, ""rule_or_principle_application"": 3, ""equation_solving"": 3, ""case_analysis"": 3, ""distractor_elimination"": 2, ""decomposition"": 2, ""symbolic_formulation"": 2, ""direct_computation"": 1, ""ethical_reasoning"": 1, ""quantitative_formula_application"": 1}","{""option_contrast"": 20, ""distractor_elimination"": 20, ""answer_to_stem_backward_check"": 17, ""concept_definition_match"": 14, ""equation_solving"": 9, ""option_contradiction_check"": 8, ""case_analysis"": 4, ""decomposition"": 2, ""direct_computation"": 2, ""rule_or_principle_application"": 1, ""causal_mechanism_reasoning"": 1, ""ethical_reasoning"": 1, ""quantitative_formula_application"": 1}"
same,qwen2.5-7b-instruct,2,distractor_elimination|option_contrast|option_contradiction_check,mmlu_option_semantics,100,0.62,0.51,0.56,0.75,0.8,0.76,option_contrast,0.48,option_contrast,0.28,mmlu_option_semantics,0.72,"{""option_contrast"": 48, ""concept_definition_match"": 13, ""answer_to_stem_backward_check"": 8, ""case_analysis"": 5, ""algebraic_derivation"": 5, ""causal_mechanism_reasoning"": 5, ""quantitative_formula_application"": 3, ""distractor_elimination"": 2, ""symbolic_formulation"": 2, ""rule_or_principle_application"": 2, ""equation_solving"": 2, ""combinatorial_counting"": 1, ""ethical_reasoning"": 1, ""option_contradiction_check"": 1, ""counterexample_search"": 1, ""historical_context_reasoning"": 1}","{""option_contrast"": 28, ""distractor_elimination"": 22, ""answer_to_stem_backward_check"": 16, ""concept_definition_match"": 8, ""case_analysis"": 6, ""option_contradiction_check"": 6, ""equation_solving"": 5, ""direct_computation"": 3, ""symbolic_formulation"": 2, ""ethical_reasoning"": 1, ""causal_mechanism_reasoning"": 1, ""dimensional_unit_analysis"": 1, ""historical_context_reasoning"": 1}"
same,qwen2.5-7b-instruct,3,distractor_elimination|option_contrast,mmlu_option_semantics,100,0.89,0.82,0.75,0.95,0.95,0.65,option_contrast,0.77,distractor_elimination,0.57,mmlu_option_semantics,0.95,"{""option_contrast"": 77, ""option_contradiction_check"": 9, ""distractor_elimination"": 5, ""concept_definition_match"": 4, ""case_analysis"": 2, ""example_counterexample_reasoning"": 1, ""combinatorial_counting"": 1, ""algebraic_derivation"": 1}","{""distractor_elimination"": 57, ""option_contrast"": 18, ""answer_to_stem_backward_check"": 11, ""option_contradiction_check"": 8, ""rule_or_principle_application"": 1, ""combinatorial_counting"": 1, ""case_analysis"": 1, ""exhaustive_enumeration"": 1, ""equation_solving"": 1, ""concept_definition_match"": 1}"
same,qwen2.5-7b-instruct,4,distractor_elimination|option_contrast,mmlu_option_semantics,100,0.54,0.53,0.3,0.83,0.84,0.74,option_contrast,0.52,answer_to_stem_backward_check,0.31,mmlu_option_semantics,0.83,"{""option_contrast"": 52, ""answer_to_stem_backward_check"": 28, ""algebraic_derivation"": 6, ""case_analysis"": 3, ""rule_or_principle_application"": 2, ""equation_solving"": 2, ""concept_definition_match"": 2, ""distractor_elimination"": 1, ""direct_computation"": 1, ""decomposition"": 1, ""exhaustive_enumeration"": 1, ""symbolic_formulation"": 1}","{""answer_to_stem_backward_check"": 31, ""option_contradiction_check"": 21, ""distractor_elimination"": 20, ""option_contrast"": 10, ""equation_solving"": 9, ""case_analysis"": 3, ""concept_definition_match"": 2, ""direct_computation"": 1, ""decomposition"": 1, ""consistency_verification"": 1, ""exhaustive_enumeration"": 1}"
