agent_id,answer,auto_primary,auto_primary_major,auto_secondary,auto_secondary_major,blinded_id,model,question_excerpt,question_hash,run_dir,run_name,strategy_instruction,target_families,target_majors,vote_correct
0,B,option_contrast,mmlu_option_semantics,distractor_elimination,mmlu_option_semantics,P3NJ0001,deepseek-chat,"Question: Suppose two athletes, A and B, are equally skilled. Suppose also that A naturally inherited certain traits from her father that made playing the sport easier for her, and thus she didn't have to train as hard as B. According to the ethic of willfulness, Options: A. A is a better athlete. B",98cc20f41460,prove_experiments\runs\P4_mixed_strategy_deepseek_chat_seed42,P4_mixed_strategy_deepseek_chat_seed42,Identify the central concept or definition tested by the question. Match the stem to the relevant definition or concept boundary before considering options. End with exactly one FINAL_ANSWER line.,concept_definition_match,mmlu_option_semantics,1
2,A,option_contrast,mmlu_option_semantics,option_contrast,mmlu_option_semantics,P3NJ0002,deepseek-chat,Question: Carbon-14 is primarily produced by cosmic radiation in the Options: A. atmosphere B. food we eat C. Earth’s interior D. fallout of nuclear bomb tests Select the best option and output FINAL_ANSWER: <A/B/C/D>.,f4888ae525b1,prove_experiments\runs\P4_mixed_strategy_deepseek_chat_seed42,P4_mixed_strategy_deepseek_chat_seed42,"Work backward from each plausible answer to the question stem. Ask whether the stem would still be true if that answer were selected, and reject options that create contradictions. End with exactly one FINAL_ANSWER line.",answer_to_stem_backward_check|option_contradiction_check,mmlu_option_semantics,1
3,D,option_contrast,mmlu_option_semantics,distractor_elimination,mmlu_option_semantics,P3NJ0003,deepseek-chat,"Question: When Euthyphro attempts to define the holy as prosecuting wrongdoers, Socrates objects that: Options: A. there are many other things that are also holy. B. prosecuting wrongdoers is not always holy. C. there is disagreement about what counts as “wrongdoing.” D. all of the above. Select the",2e76aaa7f5bf,prove_experiments\runs\P4_mixed_strategy_deepseek_chat_seed42,P4_mixed_strategy_deepseek_chat_seed42,"Identify the governing rule, theorem, principle, or domain law. Apply that rule explicitly to the facts in the stem before choosing an option. End with exactly one FINAL_ANSWER line.",rule_or_principle_application,mmlu_domain_reasoning,0
4,D,option_contrast,mmlu_option_semantics,option_contrast,mmlu_option_semantics,P3NJ0004,deepseek-chat,"Question: In terms of cyber-security, what is meant by 'resilience' and why is it important? Options: A. Resilience refers to the ability of an IT system to identify and defend against a cyber-security threat. B. The only way to build a truly resilient IT system is to ensure that it can repel all ty",237cf3345f62,prove_experiments\runs\P4_mixed_strategy_deepseek_chat_seed42,P4_mixed_strategy_deepseek_chat_seed42,"Break the stem into facts, constraints, and implications. Align each important fact with the options before selecting the answer. End with exactly one FINAL_ANSWER line.",decomposition|stem_evidence_alignment,mmlu_option_semantics|representation_formalization,1
0,B,option_contrast,mmlu_option_semantics,answer_to_stem_backward_check,mmlu_option_semantics,P3NJ0005,gemini-2.5-flash-lite,Question: Aggressive ants live in the swollen thorns of a small tropical tree and feed on oil-rich bodies that the tree produces at the tips of its leaflets. Which of the following experiments best tests the hypothesis that ants defend the plant by either killing or chasing away leaf-feeding insects,1163ebe8b743,prove_experiments\runs\P4_mixed_strategy_gemini_flash_lite_seed42,P4_mixed_strategy_gemini_flash_lite_seed42,Identify the central concept or definition tested by the question. Match the stem to the relevant definition or concept boundary before considering options. End with exactly one FINAL_ANSWER line.,concept_definition_match,mmlu_option_semantics,1
2,D,option_contrast,mmlu_option_semantics,option_contrast,mmlu_option_semantics,P3NJ0006,gemini-2.5-flash-lite,Question: The ________ School of jurisprudence asserts that the law is a means of achieving and advancing certain sociological goals. Options: A. Historical B. Analytical C. Command D. Sociological Select the best option and output FINAL_ANSWER: <A/B/C/D>.,3a5320d3e422,prove_experiments\runs\P4_mixed_strategy_gemini_flash_lite_seed42,P4_mixed_strategy_gemini_flash_lite_seed42,"Work backward from each plausible answer to the question stem. Ask whether the stem would still be true if that answer were selected, and reject options that create contradictions. End with exactly one FINAL_ANSWER line.",answer_to_stem_backward_check|option_contradiction_check,mmlu_option_semantics,1
3,A,option_contrast,mmlu_option_semantics,answer_to_stem_backward_check,mmlu_option_semantics,P3NJ0007,gemini-2.5-flash-lite,Question: Which of the following is/are true? Options: A. Titan is the only outer solar system moon with a thick atmosphere B. Titan is the only outer solar system moon with evidence for recent geologic activity C. Titan's atmosphere is composed mostly of hydrocarbons D. A and D Select the best opti,99b34d293fce,prove_experiments\runs\P4_mixed_strategy_gemini_flash_lite_seed42,P4_mixed_strategy_gemini_flash_lite_seed42,"Identify the governing rule, theorem, principle, or domain law. Apply that rule explicitly to the facts in the stem before choosing an option. End with exactly one FINAL_ANSWER line.",rule_or_principle_application,mmlu_domain_reasoning,0
4,C,option_contrast,mmlu_option_semantics,option_contrast,mmlu_option_semantics,P3NJ0008,gemini-2.5-flash-lite,Question: Which of the following countries has the longest life expectancy? Options: A. U. S. A. B. Sweden C. Japan D. Saudi Arabia Select the best option and output FINAL_ANSWER: <A/B/C/D>.,62df9b0878f8,prove_experiments\runs\P4_mixed_strategy_gemini_flash_lite_seed42,P4_mixed_strategy_gemini_flash_lite_seed42,"Break the stem into facts, constraints, and implications. Align each important fact with the options before selecting the answer. End with exactly one FINAL_ANSWER line.",decomposition|stem_evidence_alignment,mmlu_option_semantics|representation_formalization,1
0,A,option_contrast,mmlu_option_semantics,distractor_elimination,mmlu_option_semantics,P3NJ0009,gpt-4o-mini,"Question: Nature is more important for ______ differences, while nurture has greater influence on ______ differences. Options: A. structural and anatomical; psychological and social B. psychological and social; structural and anatomical C. structural and psychological; anatomical and social D. socia",70abc09af563,prove_experiments\runs\P4_mixed_strategy_gpt4omini_seed42,P4_mixed_strategy_gpt4omini_seed42,Identify the central concept or definition tested by the question. Match the stem to the relevant definition or concept boundary before considering options. End with exactly one FINAL_ANSWER line.,concept_definition_match,mmlu_option_semantics,1
2,D,option_contrast,mmlu_option_semantics,option_contrast,mmlu_option_semantics,P3NJ0010,gpt-4o-mini,Question: The ________ School of jurisprudence asserts that the law is a means of achieving and advancing certain sociological goals. Options: A. Historical B. Analytical C. Command D. Sociological Select the best option and output FINAL_ANSWER: <A/B/C/D>.,3a5320d3e422,prove_experiments\runs\P4_mixed_strategy_gpt4omini_seed42,P4_mixed_strategy_gpt4omini_seed42,"Work backward from each plausible answer to the question stem. Ask whether the stem would still be true if that answer were selected, and reject options that create contradictions. End with exactly one FINAL_ANSWER line.",answer_to_stem_backward_check|option_contradiction_check,mmlu_option_semantics,1
3,B,option_contrast,mmlu_option_semantics,distractor_elimination,mmlu_option_semantics,P3NJ0011,gpt-4o-mini,Question: Which of the following statements best captures the nature of Fuller's 'inner morality of law'? Options: A. A positivist view of law. B. A morality of aspiration. C. An Aquinian concept of natural law. D. A rejection of the 'harm principle'. Select the best option and output FINAL_ANSWER:,a5e382570629,prove_experiments\runs\P4_mixed_strategy_gpt4omini_seed42,P4_mixed_strategy_gpt4omini_seed42,"Identify the governing rule, theorem, principle, or domain law. Apply that rule explicitly to the facts in the stem before choosing an option. End with exactly one FINAL_ANSWER line.",rule_or_principle_application,mmlu_domain_reasoning,1
4,B,option_contrast,mmlu_option_semantics,option_contrast,mmlu_option_semantics,P3NJ0012,gpt-4o-mini,Question: What is the term for a sub-optimal but acceptable outcome of negotiations between parties? Options: A. Bargaining B. Satisficing C. Accepting D. Compromising Select the best option and output FINAL_ANSWER: <A/B/C/D>.,61575c238849,prove_experiments\runs\P4_mixed_strategy_gpt4omini_seed42,P4_mixed_strategy_gpt4omini_seed42,"Break the stem into facts, constraints, and implications. Align each important fact with the options before selecting the answer. End with exactly one FINAL_ANSWER line.",decomposition|stem_evidence_alignment,mmlu_option_semantics|representation_formalization,1
0,C,option_contrast,mmlu_option_semantics,option_contrast,mmlu_option_semantics,P3NJ0013,qwen2.5-7b-instruct,"Question: The following are methods of increasing reliability and validity in qualitative research designs, EXCEPT: Options: A. Triangulation B. Audits C. Inductive processes D. Member checking Select the best option and output FINAL_ANSWER: <A/B/C/D>.",e55445e07e9f,prove_experiments\runs\P4_mixed_strategy_qwen25_7b_seed42,P4_mixed_strategy_qwen25_7b_seed42,Identify the central concept or definition tested by the question. Match the stem to the relevant definition or concept boundary before considering options. End with exactly one FINAL_ANSWER line.,concept_definition_match,mmlu_option_semantics,1
2,C,option_contrast,mmlu_option_semantics,distractor_elimination,mmlu_option_semantics,P3NJ0014,qwen2.5-7b-instruct,"Question: In defining the term 'historical materialism', which of the following statements best defines the term 'materialism'? Options: A. Materialism refers to HM's focus on class and the productive basis of societies, as well as the ways in which social structures have the capacity to change and",bab7e93c939f,prove_experiments\runs\P4_mixed_strategy_qwen25_7b_seed42,P4_mixed_strategy_qwen25_7b_seed42,"Work backward from each plausible answer to the question stem. Ask whether the stem would still be true if that answer were selected, and reject options that create contradictions. End with exactly one FINAL_ANSWER line.",answer_to_stem_backward_check|option_contradiction_check,mmlu_option_semantics,0
3,D,option_contrast,mmlu_option_semantics,distractor_elimination,mmlu_option_semantics,P3NJ0015,qwen2.5-7b-instruct,Question: What singer appeared in the 1992 baseball film 'A League of Their Own'? Options: A. Brandy B. Madonna C. Garth Brooks D. Whitney Houston Select the best option and output FINAL_ANSWER: <A/B/C/D>.,d1ea00cab364,prove_experiments\runs\P4_mixed_strategy_qwen25_7b_seed42,P4_mixed_strategy_qwen25_7b_seed42,"Identify the governing rule, theorem, principle, or domain law. Apply that rule explicitly to the facts in the stem before choosing an option. End with exactly one FINAL_ANSWER line.",rule_or_principle_application,mmlu_domain_reasoning,0
4,D,option_contrast,mmlu_option_semantics,distractor_elimination,mmlu_option_semantics,P3NJ0016,qwen2.5-7b-instruct,"Question: In terms of cyber-security, what is meant by 'resilience' and why is it important? Options: A. Resilience refers to the ability of an IT system to identify and defend against a cyber-security threat. B. The only way to build a truly resilient IT system is to ensure that it can repel all ty",237cf3345f62,prove_experiments\runs\P4_mixed_strategy_qwen25_7b_seed42,P4_mixed_strategy_qwen25_7b_seed42,"Break the stem into facts, constraints, and implications. Align each important fact with the options before selecting the answer. End with exactly one FINAL_ANSWER line.",decomposition|stem_evidence_alignment,mmlu_option_semantics|representation_formalization,1
0,A,option_contrast,mmlu_option_semantics,distractor_elimination,mmlu_option_semantics,P3NJ0017,deepseek-chat,"Question: This question refers to the following information. Apart from the desire to produce beautiful things, the leading passion of my life has been and is hatred of modern civilization. What shall I say of it now, when the words are put into my mouth, my hope of its destruction—what shall I say",e668c65c8a2a,prove_experiments\runs\P4_mixed_strategy_deepseek_chat_seed42,P4_mixed_strategy_deepseek_chat_seed42,Identify the central concept or definition tested by the question. Match the stem to the relevant definition or concept boundary before considering options. End with exactly one FINAL_ANSWER line.,concept_definition_match,mmlu_option_semantics,1
2,B,option_contrast,mmlu_option_semantics,distractor_elimination,mmlu_option_semantics,P3NJ0018,deepseek-chat,Question: You notice a lesion on the labial alveolar mucosa of the lower right lateral incisor tooth of one of your patients and decide to take a biopsy to send for oral pathology report Which nerve would require local anaesthesia in order to carry out a pain-free biopsy? Options: A. The incisive ne,94c6b3e7fb22,prove_experiments\runs\P4_mixed_strategy_deepseek_chat_seed42,P4_mixed_strategy_deepseek_chat_seed42,"Work backward from each plausible answer to the question stem. Ask whether the stem would still be true if that answer were selected, and reject options that create contradictions. End with exactly one FINAL_ANSWER line.",answer_to_stem_backward_check|option_contradiction_check,mmlu_option_semantics,1
3,A,option_contrast,mmlu_option_semantics,distractor_elimination,mmlu_option_semantics,P3NJ0019,deepseek-chat,"Question: This question refers to the following information. Apart from the desire to produce beautiful things, the leading passion of my life has been and is hatred of modern civilization. What shall I say of it now, when the words are put into my mouth, my hope of its destruction—what shall I say",e668c65c8a2a,prove_experiments\runs\P4_mixed_strategy_deepseek_chat_seed42,P4_mixed_strategy_deepseek_chat_seed42,"Identify the governing rule, theorem, principle, or domain law. Apply that rule explicitly to the facts in the stem before choosing an option. End with exactly one FINAL_ANSWER line.",rule_or_principle_application,mmlu_domain_reasoning,1
4,A,option_contrast,mmlu_option_semantics,distractor_elimination,mmlu_option_semantics,P3NJ0020,deepseek-chat,"Question: When Euthyphro attempts to define the holy as prosecuting wrongdoers, Socrates objects that: Options: A. there are many other things that are also holy. B. prosecuting wrongdoers is not always holy. C. there is disagreement about what counts as “wrongdoing.” D. all of the above. Select the",2e76aaa7f5bf,prove_experiments\runs\P4_mixed_strategy_deepseek_chat_seed42,P4_mixed_strategy_deepseek_chat_seed42,"Break the stem into facts, constraints, and implications. Align each important fact with the options before selecting the answer. End with exactly one FINAL_ANSWER line.",decomposition|stem_evidence_alignment,mmlu_option_semantics|representation_formalization,0
0,A,option_contrast,mmlu_option_semantics,option_contrast,mmlu_option_semantics,P3NJ0021,gemini-2.5-flash-lite,Question: A use of easy money (expansionary) policy by the Fed could result in which of the following? Options: A. an increase in net exports B. a decrease in net exports C. an increase in the real interest rate D. an increase in the nominal interest rate Select the best option and output FINAL_ANSW,896e76701411,prove_experiments\runs\P4_mixed_strategy_gemini_flash_lite_seed42,P4_mixed_strategy_gemini_flash_lite_seed42,Identify the central concept or definition tested by the question. Match the stem to the relevant definition or concept boundary before considering options. End with exactly one FINAL_ANSWER line.,concept_definition_match,mmlu_option_semantics,0
2,D,option_contrast,mmlu_option_semantics,distractor_elimination,mmlu_option_semantics,P3NJ0022,gemini-2.5-flash-lite,"Question: According to trait theorists, such as Hans Eysenck, the basis for personality is Options: A. conflicting sources of psychic energy B. the distinctive human ability to act purposefully and to shape our own destiny C. the interactions between thought and the environment, which influence beha",82e534086949,prove_experiments\runs\P4_mixed_strategy_gemini_flash_lite_seed42,P4_mixed_strategy_gemini_flash_lite_seed42,"Work backward from each plausible answer to the question stem. Ask whether the stem would still be true if that answer were selected, and reject options that create contradictions. End with exactly one FINAL_ANSWER line.",answer_to_stem_backward_check|option_contradiction_check,mmlu_option_semantics,1
3,D,option_contrast,mmlu_option_semantics,option_contrast,mmlu_option_semantics,P3NJ0023,gemini-2.5-flash-lite,Question: The Supreme Court case Regents of University of California v. Bakke concerned which of the following issues? Options: A. The rights of students to protest on a publicly funded campus B. In-class prayer at a publicly funded school C. The rights of students to carry concealed weapons on camp,e318897b7120,prove_experiments\runs\P4_mixed_strategy_gemini_flash_lite_seed42,P4_mixed_strategy_gemini_flash_lite_seed42,"Identify the governing rule, theorem, principle, or domain law. Apply that rule explicitly to the facts in the stem before choosing an option. End with exactly one FINAL_ANSWER line.",rule_or_principle_application,mmlu_domain_reasoning,1
4,D,option_contrast,mmlu_option_semantics,option_contrast,mmlu_option_semantics,P3NJ0024,gemini-2.5-flash-lite,Question: The Supreme Court case Regents of University of California v. Bakke concerned which of the following issues? Options: A. The rights of students to protest on a publicly funded campus B. In-class prayer at a publicly funded school C. The rights of students to carry concealed weapons on camp,e318897b7120,prove_experiments\runs\P4_mixed_strategy_gemini_flash_lite_seed42,P4_mixed_strategy_gemini_flash_lite_seed42,"Break the stem into facts, constraints, and implications. Align each important fact with the options before selecting the answer. End with exactly one FINAL_ANSWER line.",decomposition|stem_evidence_alignment,mmlu_option_semantics|representation_formalization,1
0,B,option_contrast,mmlu_option_semantics,option_contrast,mmlu_option_semantics,P3NJ0025,gpt-4o-mini,Question: Which function of money best defines $1.25 as the price of a 20-ounce bottle of pop? Options: A. Medium of exchange B. Unit of account C. Store of value D. Transfer of ownership Select the best option and output FINAL_ANSWER: <A/B/C/D>.,b52740641844,prove_experiments\runs\P4_mixed_strategy_gpt4omini_seed42,P4_mixed_strategy_gpt4omini_seed42,Identify the central concept or definition tested by the question. Match the stem to the relevant definition or concept boundary before considering options. End with exactly one FINAL_ANSWER line.,concept_definition_match,mmlu_option_semantics,1
2,D,option_contrast,mmlu_option_semantics,option_contrast,mmlu_option_semantics,P3NJ0026,gpt-4o-mini,"Question: Statement 1 | If R is a ring and f(x) and g(x) are in R[x], then deg (f(x)+g(x)) = maximum (deg f(x), deg g(x)). Statement 2 | If F is a field then every ideal of F[x] is principal. Options: A. True, True B. False, False C. True, False D. False, True Select the best option and output FINAL",11f7bfe474b4,prove_experiments\runs\P4_mixed_strategy_gpt4omini_seed42,P4_mixed_strategy_gpt4omini_seed42,"Work backward from each plausible answer to the question stem. Ask whether the stem would still be true if that answer were selected, and reject options that create contradictions. End with exactly one FINAL_ANSWER line.",answer_to_stem_backward_check|option_contradiction_check,mmlu_option_semantics,1
3,C,option_contrast,mmlu_option_semantics,option_contrast,mmlu_option_semantics,P3NJ0027,gpt-4o-mini,"Question: The following are methods of increasing reliability and validity in qualitative research designs, EXCEPT: Options: A. Triangulation B. Audits C. Inductive processes D. Member checking Select the best option and output FINAL_ANSWER: <A/B/C/D>.",e55445e07e9f,prove_experiments\runs\P4_mixed_strategy_gpt4omini_seed42,P4_mixed_strategy_gpt4omini_seed42,"Identify the governing rule, theorem, principle, or domain law. Apply that rule explicitly to the facts in the stem before choosing an option. End with exactly one FINAL_ANSWER line.",rule_or_principle_application,mmlu_domain_reasoning,1
4,D,option_contrast,mmlu_option_semantics,distractor_elimination,mmlu_option_semantics,P3NJ0028,gpt-4o-mini,Question: Which of the following is the name of the stone blade exhibiting a fluted point on both faces and associated with extinct elephants? Options: A. Thule B. Lapita C. Dorset D. Clovis Select the best option and output FINAL_ANSWER: <A/B/C/D>.,1344eb3e8338,prove_experiments\runs\P4_mixed_strategy_gpt4omini_seed42,P4_mixed_strategy_gpt4omini_seed42,"Break the stem into facts, constraints, and implications. Align each important fact with the options before selecting the answer. End with exactly one FINAL_ANSWER line.",decomposition|stem_evidence_alignment,mmlu_option_semantics|representation_formalization,1
0,B,option_contrast,mmlu_option_semantics,option_contradiction_check,mmlu_option_semantics,P3NJ0029,qwen2.5-7b-instruct,Question: Which of the following statements best captures the nature of Fuller's 'inner morality of law'? Options: A. A positivist view of law. B. A morality of aspiration. C. An Aquinian concept of natural law. D. A rejection of the 'harm principle'. Select the best option and output FINAL_ANSWER:,a5e382570629,prove_experiments\runs\P4_mixed_strategy_qwen25_7b_seed42,P4_mixed_strategy_qwen25_7b_seed42,Identify the central concept or definition tested by the question. Match the stem to the relevant definition or concept boundary before considering options. End with exactly one FINAL_ANSWER line.,concept_definition_match,mmlu_option_semantics,1
2,B,option_contrast,mmlu_option_semantics,distractor_elimination,mmlu_option_semantics,P3NJ0030,qwen2.5-7b-instruct,"Question: A scientist using mouse models to determine the response of blood hormones to large levels of glucose in the body discovers a new hormone not previously described. According to his data, this hormone is found both inside and out of cells when carrying out its function, increase the amount",72ec25d9df6f,prove_experiments\runs\P4_mixed_strategy_qwen25_7b_seed42,P4_mixed_strategy_qwen25_7b_seed42,"Work backward from each plausible answer to the question stem. Ask whether the stem would still be true if that answer were selected, and reject options that create contradictions. End with exactly one FINAL_ANSWER line.",answer_to_stem_backward_check|option_contradiction_check,mmlu_option_semantics,1
3,B,option_contrast,mmlu_option_semantics,answer_to_stem_backward_check,mmlu_option_semantics,P3NJ0031,qwen2.5-7b-instruct,Question: What is the declaratory theory of recognition? Options: A. Recognition is determinate for the existence of statehood B. Recognition is simply declaratory of statehood but not determinate C. Recognition is merely a declaration of interest D. Recognition requires a declaration by the newly-c,b6f82dae77a3,prove_experiments\runs\P4_mixed_strategy_qwen25_7b_seed42,P4_mixed_strategy_qwen25_7b_seed42,"Identify the governing rule, theorem, principle, or domain law. Apply that rule explicitly to the facts in the stem before choosing an option. End with exactly one FINAL_ANSWER line.",rule_or_principle_application,mmlu_domain_reasoning,1
4,B,option_contrast,mmlu_option_semantics,distractor_elimination,mmlu_option_semantics,P3NJ0032,qwen2.5-7b-instruct,Question: The simplest alkene has Options: A. at least two pi bonds B. at least four sigma bonds C. a tetrahedral configuration D. cis-trans isomers Select the best option and output FINAL_ANSWER: <A/B/C/D>.,debd1e1af07d,prove_experiments\runs\P4_mixed_strategy_qwen25_7b_seed42,P4_mixed_strategy_qwen25_7b_seed42,"Break the stem into facts, constraints, and implications. Align each important fact with the options before selecting the answer. End with exactly one FINAL_ANSWER line.",decomposition|stem_evidence_alignment,mmlu_option_semantics|representation_formalization,1
0,B,option_contrast,mmlu_option_semantics,distractor_elimination,mmlu_option_semantics,P3NJ0033,deepseek-chat,Question: Which of the following statements best captures the nature of Fuller's 'inner morality of law'? Options: A. A positivist view of law. B. A morality of aspiration. C. An Aquinian concept of natural law. D. A rejection of the 'harm principle'. Select the best option and output FINAL_ANSWER:,a5e382570629,prove_experiments\runs\P4_mixed_strategy_deepseek_chat_seed42,P4_mixed_strategy_deepseek_chat_seed42,Identify the central concept or definition tested by the question. Match the stem to the relevant definition or concept boundary before considering options. End with exactly one FINAL_ANSWER line.,concept_definition_match,mmlu_option_semantics,1
2,A,option_contrast,mmlu_option_semantics,option_contrast,mmlu_option_semantics,P3NJ0034,deepseek-chat,"Question: In defining the term 'historical materialism', which of the following statements best defines the term 'materialism'? Options: A. Materialism refers to HM's focus on class and the productive basis of societies, as well as the ways in which social structures have the capacity to change and",bab7e93c939f,prove_experiments\runs\P4_mixed_strategy_deepseek_chat_seed42,P4_mixed_strategy_deepseek_chat_seed42,"Work backward from each plausible answer to the question stem. Ask whether the stem would still be true if that answer were selected, and reject options that create contradictions. End with exactly one FINAL_ANSWER line.",answer_to_stem_backward_check|option_contradiction_check,mmlu_option_semantics,1
3,B,option_contrast,mmlu_option_semantics,distractor_elimination,mmlu_option_semantics,P3NJ0035,deepseek-chat,"Question: During a Developmental Research, the variables are assessed as a function of time. How does the cross-sectional design works? Options: A. some people are studied over a long period of time B. different group divided by age are assessed at the same time C. combines longitudinal and cross-se",d448d01be0a9,prove_experiments\runs\P4_mixed_strategy_deepseek_chat_seed42,P4_mixed_strategy_deepseek_chat_seed42,"Identify the governing rule, theorem, principle, or domain law. Apply that rule explicitly to the facts in the stem before choosing an option. End with exactly one FINAL_ANSWER line.",rule_or_principle_application,mmlu_domain_reasoning,1
4,D,option_contrast,mmlu_option_semantics,distractor_elimination,mmlu_option_semantics,P3NJ0036,deepseek-chat,Question: How did the relationship between President and Congress develop under George H.W. Bush and Bill Clinton? Options: A. Congress asserted its primacy in foreign policy B. US foreign policy became substantially decentralized C. The Presidency welcomed the influence of Congress D. None of the a,a5f0d2465748,prove_experiments\runs\P4_mixed_strategy_deepseek_chat_seed42,P4_mixed_strategy_deepseek_chat_seed42,"Break the stem into facts, constraints, and implications. Align each important fact with the options before selecting the answer. End with exactly one FINAL_ANSWER line.",decomposition|stem_evidence_alignment,mmlu_option_semantics|representation_formalization,0
0,A,option_contrast,mmlu_option_semantics,answer_to_stem_backward_check,mmlu_option_semantics,P3NJ0037,gemini-2.5-flash-lite,Question: How does Stevenson respond to the objection that his theory does not account for the kind of goodness that is objective and is known a priori? Options: A. He claims to have proven that such a property does not exist. B. He claims to have offered an account of just such a property. C. He cl,3799a0c4c40e,prove_experiments\runs\P4_mixed_strategy_gemini_flash_lite_seed42,P4_mixed_strategy_gemini_flash_lite_seed42,Identify the central concept or definition tested by the question. Match the stem to the relevant definition or concept boundary before considering options. End with exactly one FINAL_ANSWER line.,concept_definition_match,mmlu_option_semantics,0
2,C,option_contrast,mmlu_option_semantics,option_contrast,mmlu_option_semantics,P3NJ0038,gemini-2.5-flash-lite,"Question: These are stores designed to kill off the competition and are characterized by narrow but very deep product assortment, low prices, and few to moderate customer services: Options: A. Speciality stores. B. Limited line retailers. C. Category-killer stores. D. Superstores. Select the best op",71a57db45dbf,prove_experiments\runs\P4_mixed_strategy_gemini_flash_lite_seed42,P4_mixed_strategy_gemini_flash_lite_seed42,"Work backward from each plausible answer to the question stem. Ask whether the stem would still be true if that answer were selected, and reject options that create contradictions. End with exactly one FINAL_ANSWER line.",answer_to_stem_backward_check|option_contradiction_check,mmlu_option_semantics,1
3,B,option_contrast,mmlu_option_semantics,distractor_elimination,mmlu_option_semantics,P3NJ0039,gemini-2.5-flash-lite,Question: What singer appeared in the 1992 baseball film 'A League of Their Own'? Options: A. Brandy B. Madonna C. Garth Brooks D. Whitney Houston Select the best option and output FINAL_ANSWER: <A/B/C/D>.,d1ea00cab364,prove_experiments\runs\P4_mixed_strategy_gemini_flash_lite_seed42,P4_mixed_strategy_gemini_flash_lite_seed42,"Identify the governing rule, theorem, principle, or domain law. Apply that rule explicitly to the facts in the stem before choosing an option. End with exactly one FINAL_ANSWER line.",rule_or_principle_application,mmlu_domain_reasoning,1
4,D,option_contrast,mmlu_option_semantics,option_contrast,mmlu_option_semantics,P3NJ0040,gemini-2.5-flash-lite,"Question: In terms of cyber-security, what is meant by 'resilience' and why is it important? Options: A. Resilience refers to the ability of an IT system to identify and defend against a cyber-security threat. B. The only way to build a truly resilient IT system is to ensure that it can repel all ty",237cf3345f62,prove_experiments\runs\P4_mixed_strategy_gemini_flash_lite_seed42,P4_mixed_strategy_gemini_flash_lite_seed42,"Break the stem into facts, constraints, and implications. Align each important fact with the options before selecting the answer. End with exactly one FINAL_ANSWER line.",decomposition|stem_evidence_alignment,mmlu_option_semantics|representation_formalization,1
